id,Attrition_Flag,Customer_Age,Gender,Dependent_count,Education_Level,Marital_Status,Income_Category,Card_Category,Months_on_book,Total_Relationship_Count,Months_Inactive_12_mon,Contacts_Count_12_mon,Credit_Limit,Total_Revolving_Bal,Avg_Open_To_Buy,Total_Amt_Chng_Q4_Q1,Total_Trans_Amt,Total_Trans_Ct,Total_Ct_Chng_Q4_Q1,Avg_Utilization_Ratio
0,0,37,0,3,0,0,2,0,36,5,2,0,22352.0,2517,19835.0,3.355,1350,24,1.182,113
1,0,41,1,3,3,0,0,0,28,6,1,2,7768.0,1669,6099.0,797,1051,22,833,215
2,0,55,1,3,3,1,0,0,36,6,2,3,3035.0,2298,737.0,1.724,1877,37,1.176,757
3,0,45,0,3,3,0,3,0,41,2,2,2,32426.0,578,31848.0,1.042,1109,28,474,18
4,0,59,0,1,5,1,1,0,52,3,2,2,2548.0,2020,528.0,2.357,1719,27,1.7,793
5,1,56,0,2,3,1,4,0,36,1,3,3,15769.0,0,15769.0,1.041,602,15,364,0.0
6,0,44,1,2,0,0,0,0,20,6,3,3,2084.0,1468,616.0,1.004,1132,28,556,704
7,0,53,0,2,3,0,3,0,36,5,3,2,5272.0,1515,3757.0,857,1289,33,435,287
8,0,47,0,3,3,1,2,0,37,4,4,0,8567.0,1695,6872.0,1.242,1457,41,1.412,198
9,0,53,0,2,1,0,4,0,35,4,2,1,19040.0,2056,16984.0,607,1212,31,722,108
10,0,49,0,4,1,0,3,0,38,4,3,0,31302.0,1953,29349.0,875,1564,35,2.182,62
11,0,45,0,1,3,0,1,0,36,4,4,3,6576.0,0,6576.0,579,1465,34,619,0.0
12,0,64,0,1,3,1,0,0,52,6,4,3,1709.0,895,814.0,1.656,1673,32,882,524
13,0,53,0,3,5,1,1,0,35,5,3,2,3789.0,1706,2083.0,1.047,1609,42,0.68,0.45
14,0,53,1,2,1,1,0,0,44,3,2,3,5362.0,1901,3461.0,816,1553,38,1.0,355
15,0,47,0,3,3,0,2,0,36,4,2,2,2926.0,0,2926.0,676,1304,24,846,0.0
16,0,52,0,2,1,0,1,0,45,3,1,2,13532.0,1300,12232.0,846,1521,29,1.417,96
17,0,57,0,4,3,1,3,0,46,3,2,3,19270.0,1662,17608.0,1.186,1565,28,1.545,86
18,1,48,1,5,1,1,0,0,38,1,3,3,8025.0,0,8025.0,654,673,18,0.8,0.0
19,0,41,1,2,3,0,0,0,32,6,3,2,2250.0,2117,133.0,1.162,1617,31,2.875,941
20,0,50,1,1,3,0,1,1,31,2,2,3,18386.0,0,18386.0,868,1298,22,571,0.0
21,0,46,0,1,0,1,2,0,36,3,2,2,20459.0,2071,18388.0,1.248,1767,38,2.167,101
22,0,57,1,2,0,0,1,1,36,6,3,0,19482.0,1072,18410.0,706,1421,22,1.444,55
23,0,57,0,1,3,1,3,0,47,5,3,1,14612.0,1976,12636.0,1.768,1827,24,3.0,135
24,0,57,1,3,3,1,0,0,47,4,2,3,6347.0,1594,4753.0,896,1771,37,762,251
25,0,59,0,1,2,1,2,0,36,4,1,2,7871.0,1687,6184.0,1.242,1428,22,1.444,214
26,0,52,0,3,3,1,4,0,47,5,3,3,11086.0,2207,8879.0,869,1523,40,1.105,199
27,0,60,1,1,0,1,0,0,36,5,1,0,1913.0,1272,641.0,1.008,1448,22,1.0,665
28,0,51,0,2,3,1,4,0,44,4,3,3,34516.0,1666,32850.0,613,1218,18,0.8,48
29,0,51,1,2,3,1,0,0,46,5,2,2,5207.0,1650,3557.0,708,1339,20,538,317
30,1,45,0,2,3,0,2,0,36,1,1,2,3401.0,0,3401.0,898,744,18,1.0,0.0
31,0,44,0,3,3,0,2,0,37,2,3,2,14546.0,1703,12843.0,955,1273,27,588,117
32,0,62,1,0,1,1,1,0,52,5,2,3,2052.0,1250,802.0,728,1208,31,632,609
33,0,50,0,0,1,0,4,1,45,5,2,3,14938.0,2303,12635.0,804,949,27,2.0,154
34,0,45,0,2,0,1,2,0,36,5,3,2,2221.0,1343,878.0,869,1338,30,1.308,605
35,0,63,0,2,1,1,1,0,36,2,2,2,5007.0,930,4077.0,885,1050,28,1.154,186
36,0,48,0,3,3,0,3,1,37,3,2,3,34516.0,0,34516.0,448,1122,13,182,0.0
37,0,38,1,4,0,0,0,0,30,4,1,0,2569.0,1605,964.0,574,1190,46,643,625
38,0,52,0,3,3,0,3,0,42,6,3,3,2731.0,1692,1039.0,0.62,1220,22,692,0.62
39,0,41,0,5,1,1,2,0,33,5,3,3,22770.0,2517,20253.0,994,1882,38,652,111
40,0,43,0,3,3,1,3,0,26,5,3,2,2355.0,1090,1265.0,751,1441,29,812,463
41,0,51,0,4,1,0,4,0,46,6,3,3,34516.0,2274,32242.0,788,1795,47,679,66
42,0,40,1,4,3,0,0,0,27,6,2,3,3751.0,1521,2230.0,974,1060,30,1.308,405
43,0,55,1,1,1,0,0,0,43,4,2,0,2569.0,1403,1166.0,886,1456,39,444,546
44,0,56,0,3,1,1,2,0,36,5,1,3,9226.0,1233,7993.0,1.521,1626,29,1.636,134
45,1,57,0,2,0,1,4,0,40,3,3,3,3106.0,1120,1986.0,1.045,683,17,0.7,361
46,0,47,0,1,3,0,1,0,36,5,3,0,6509.0,2033,4476.0,0.83,1409,37,0.37,312
47,0,50,1,2,2,2,0,0,36,3,3,0,1491.0,0,1491.0,876,1058,34,889,0.0
48,0,40,0,4,5,2,2,0,34,4,2,3,23138.0,1727,21411.0,693,1612,39,1.438,75
49,0,53,1,1,1,1,0,0,47,6,1,2,3445.0,1074,2371.0,0.67,1074,31,632,312
50,0,48,1,3,1,2,1,0,40,4,1,2,1919.0,774,1145.0,965,1505,33,737,403
51,0,49,1,3,3,0,1,0,33,5,3,2,9995.0,1713,8282.0,0.96,1172,38,462,171
52,0,39,1,3,2,1,0,0,36,4,2,0,2279.0,1529,750.0,1.26,1693,32,1.286,671
53,0,48,1,3,2,2,1,0,41,4,1,3,9336.0,1672,7664.0,696,1391,39,625,179
54,0,26,0,0,3,0,0,0,13,6,3,2,2585.0,2019,566.0,525,2644,40,481,781
55,0,48,0,4,2,1,3,0,36,3,3,2,26443.0,1601,24842.0,493,1593,36,333,61
56,0,56,1,2,4,1,0,0,48,6,1,2,4930.0,2259,2671.0,1.134,2194,53,606,458
57,0,44,0,2,3,0,1,0,34,5,3,1,5331.0,1993,3338.0,777,1766,39,625,374
58,0,26,0,0,3,0,1,0,13,6,1,2,3290.0,1616,1674.0,466,2781,54,0.35,491
59,0,62,0,0,3,1,2,0,36,6,3,3,3674.0,895,2779.0,658,1703,48,371,244
60,1,57,0,2,2,1,1,0,50,2,5,3,6462.0,0,6462.0,856,761,17,214,0.0
61,1,56,0,1,2,1,2,0,44,5,3,3,1704.0,0,1704.0,701,660,17,308,0.0
62,0,45,0,3,1,1,0,0,33,6,5,0,7717.0,1430,6287.0,822,1248,37,0.85,185
63,0,45,0,2,5,1,3,0,40,6,3,1,11710.0,693,11017.0,914,1749,50,429,59
64,0,44,1,4,3,1,0,0,36,4,1,0,1717.0,0,1717.0,619,1468,29,381,0.0
65,0,42,1,3,3,1,0,0,33,6,3,3,8628.0,1077,7551.0,872,1675,58,415,125
66,0,52,0,2,1,1,4,0,36,5,1,2,2981.0,1358,1623.0,1.242,1648,30,1.5,456
67,0,45,1,3,3,1,0,0,31,4,1,0,8829.0,901,7928.0,825,1902,45,667,102
68,1,53,0,1,3,0,3,0,48,3,3,3,30271.0,1406,28865.0,1.336,3231,47,306,46
69,0,43,1,3,3,1,1,0,36,6,1,3,2936.0,2379,557.0,694,1572,57,676,0.81
70,0,58,1,2,0,1,1,0,49,3,1,3,6175.0,1166,5009.0,803,1417,25,0.25,189
71,0,41,0,3,3,0,3,0,26,4,3,2,11806.0,1811,9995.0,754,1465,31,476,153
72,0,48,0,3,4,0,2,0,39,5,2,2,4734.0,954,3780.0,0.6,1570,45,452,202
73,0,50,0,3,0,0,3,0,36,5,2,3,24742.0,1676,23066.0,566,1306,31,0.55,68
74,0,43,0,3,3,1,4,0,33,3,1,3,34516.0,2129,32387.0,587,1463,38,583,62
75,0,38,0,2,1,1,3,0,36,5,3,3,2407.0,843,1564.0,1.008,1470,28,0.4,0.35
76,0,44,1,3,0,0,0,0,36,5,3,3,4307.0,0,4307.0,745,1628,37,542,0.0
77,0,51,1,4,3,0,0,0,42,3,1,3,2680.0,1753,927.0,0.32,1154,33,571,654
78,0,46,1,2,1,1,0,0,35,6,4,3,4675.0,1734,2941.0,413,1232,34,545,371
79,0,63,0,1,1,1,1,0,36,5,3,2,4559.0,1571,2988.0,1.441,1870,35,842,345
80,0,56,1,3,3,0,1,0,36,4,1,0,5108.0,1656,3452.0,711,1631,41,323,324
81,0,49,1,3,4,1,1,0,36,6,2,2,5918.0,842,5076.0,0.56,1292,26,733,142
82,0,43,0,2,1,0,2,0,36,4,3,2,6976.0,0,6976.0,519,1217,39,1.438,0.0
83,0,42,0,3,1,0,3,0,36,4,3,1,21134.0,1508,19626.0,505,1556,35,842,71
84,0,48,0,4,0,1,3,0,37,5,6,3,30948.0,2404,28544.0,609,1511,35,207,78
85,1,43,0,2,0,1,2,0,24,2,3,3,14447.0,0,14447.0,856,915,29,2.222,0.0
86,0,49,0,4,5,1,2,0,44,3,1,1,3343.0,1581,1762.0,1.146,1545,31,824,473
87,0,46,0,4,2,0,4,0,36,5,2,1,7793.0,1705,6088.0,597,1099,39,696,219
88,0,35,0,2,1,1,1,0,21,3,3,1,2967.0,1843,1124.0,681,1673,58,526,621
89,0,35,0,3,5,0,1,0,23,4,3,2,2148.0,1545,603.0,682,2167,65,512,719
90,0,46,0,3,0,2,2,0,34,4,3,0,11501.0,713,10788.0,0.84,1481,41,519,62
91,0,51,1,1,1,1,0,0,40,4,1,1,5158.0,2190,2968.0,426,1229,34,478,425
92,0,47,1,3,3,1,0,0,36,5,2,2,7051.0,0,7051.0,527,1451,37,194,0.0
93,0,56,0,1,2,1,2,0,46,3,2,1,10117.0,2242,7875.0,662,1509,44,467,222
94,1,57,1,2,1,1,1,0,45,2,1,3,1438.3,0,1438.3,1.036,1254,35,842,0.0
95,1,56,0,3,1,0,2,0,45,2,1,3,8512.0,0,8512.0,1.038,811,27,1.25,0.0
96,0,47,0,1,3,1,2,0,36,4,3,2,19063.0,1714,17349.0,786,1270,21,615,0.09
97,0,46,0,2,3,1,2,0,36,3,2,3,15405.0,1691,13714.0,814,1763,44,189,0.11
98,0,46,1,4,1,0,0,0,40,3,2,2,3556.0,2172,1384.0,402,1221,41,708,611
99,1,65,0,1,1,1,0,0,47,3,2,1,1759.0,0,1759.0,1.058,821,18,0.5,0.0
100,1,57,0,1,3,1,3,0,36,3,3,3,4829.0,2418,2411.0,601,938,21,0.4,501
101,0,60,0,1,0,1,2,0,48,3,1,3,10264.0,2073,8191.0,0.62,1685,45,364,202
102,0,46,0,2,1,0,1,0,36,4,3,3,4129.0,0,4129.0,0.96,1678,40,1.0,0.0
103,0,53,0,3,1,1,4,0,36,3,1,3,21178.0,1796,19382.0,1.182,1872,59,1.107,85
104,0,53,1,4,3,1,1,0,36,3,2,3,4753.0,2472,2281.0,1.274,2242,49,815,0.52
105,0,26,0,0,2,2,0,0,36,5,2,3,4150.0,456,3694.0,1.126,2483,74,542,0.11
106,0,45,0,3,3,1,2,0,41,6,3,3,9106.0,2477,6629.0,515,1239,33,737,272
107,0,37,0,3,3,1,4,0,25,3,3,0,15017.0,1733,13284.0,635,2076,58,487,115
108,0,53,0,1,0,1,1,0,43,3,1,2,4426.0,1530,2896.0,518,1231,34,214,346
109,0,38,0,0,0,1,2,0,19,3,1,3,3238.0,2146,1092.0,673,1501,45,667,663
110,0,52,0,2,1,1,2,0,46,5,3,0,14316.0,1081,13235.0,0.67,1313,36,636,76
111,1,51,1,2,5,1,0,0,41,2,2,3,6630.0,916,5714.0,927,842,24,0.5,138
112,0,38,1,2,1,1,0,0,27,4,1,2,1830.0,0,1830.0,736,1741,43,654,0.0
113,0,53,1,1,0,1,1,0,46,5,2,3,1438.3,0,1438.3,743,2118,64,455,0.0
114,0,41,1,4,0,0,0,0,31,5,1,2,2490.0,627,1863.0,345,1391,45,364,252
115,1,56,1,3,1,1,1,0,51,5,2,1,1438.3,0,1438.3,597,594,14,556,0.0
116,0,65,1,0,1,1,1,0,36,5,2,3,6088.0,2145,3943.0,1.371,2098,52,733,352
117,0,40,0,5,3,1,3,0,34,6,2,4,11942.0,1651,10291.0,598,1085,29,208,138
118,0,57,1,2,2,1,0,0,44,6,3,2,3914.0,0,3914.0,524,1964,54,0.8,0.0
119,0,28,0,0,3,1,0,0,18,5,1,3,2943.0,1789,1154.0,1.271,2591,55,897,608
120,0,55,0,1,3,1,3,0,36,3,2,4,34516.0,2102,32414.0,912,1612,33,737,61
121,0,39,1,3,3,0,0,0,30,5,3,4,5202.0,815,4387.0,1.108,1558,48,778,157
122,0,55,0,3,3,1,3,0,36,3,2,3,25878.0,1733,24145.0,438,1777,54,862,67
123,0,54,1,3,5,1,1,0,39,3,1,3,2112.0,1594,518.0,1.204,1338,29,2.222,755
124,0,44,0,3,3,1,3,0,36,3,3,2,25666.0,756,24910.0,0.69,4088,84,867,29
125,0,32,0,0,1,1,1,0,28,5,1,2,3172.0,2055,1117.0,663,1939,36,636,648
126,0,60,0,0,3,1,1,0,41,3,2,4,2458.0,1880,578.0,759,1238,30,579,765
127,0,38,0,4,1,0,3,2,36,6,1,3,34516.0,1140,33376.0,815,1445,45,957,33
128,1,51,1,2,3,0,0,0,44,6,3,2,3181.0,2517,664.0,595,818,16,455,791
129,0,38,1,1,0,0,0,0,27,6,3,4,8638.0,0,8638.0,489,1295,29,381,0.0
130,0,64,1,1,1,1,1,0,56,4,2,4,1438.3,0,1438.3,693,1417,35,591,0.0
131,0,52,0,1,2,1,3,0,48,4,3,3,2066.0,1601,465.0,742,1578,41,414,775
132,0,33,1,1,1,0,0,0,25,6,3,4,6193.0,695,5498.0,632,2456,69,725,112
133,0,35,0,3,3,1,2,0,26,6,3,2,3991.0,1982,2009.0,748,1661,35,944,497
134,0,44,0,4,1,0,4,0,37,5,3,3,8396.0,1672,6724.0,602,1475,35,0.75,199
135,0,58,0,1,0,1,3,0,50,5,3,2,6978.0,1148,5830.0,1.645,1362,26,1.0,165
136,0,35,0,3,0,1,3,0,25,3,1,2,11927.0,675,11252.0,574,1986,36,636,57
137,1,49,1,2,3,0,0,0,31,5,1,2,5456.0,951,4505.0,737,1096,27,588,174
138,0,58,0,1,1,1,2,0,46,3,2,4,4188.0,1147,3041.0,1.042,1276,25,1.083,274
139,0,41,1,3,0,1,0,0,29,5,3,3,3022.0,1142,1880.0,403,1184,21,615,378
140,0,36,0,2,2,1,4,0,29,6,3,2,3158.0,0,3158.0,1.209,2973,63,969,0.0
141,0,55,1,3,1,1,0,0,48,6,2,2,2897.0,1601,1296.0,878,1337,25,471,553
142,0,56,0,3,0,1,4,0,36,6,3,3,34516.0,1047,33469.0,0.61,1378,30,429,0.03
143,0,26,0,1,1,0,2,0,15,6,3,3,4327.0,0,4327.0,624,2344,48,297,0.0
144,0,46,0,3,2,1,2,0,36,5,2,2,9981.0,807,9174.0,655,1456,30,667,81
145,0,54,0,3,1,1,4,0,42,6,3,2,20311.0,1655,18656.0,431,1266,34,308,81
146,0,33,0,3,3,1,2,0,36,5,1,3,1726.0,1215,511.0,1.175,1712,48,548,704
147,0,38,0,2,3,0,1,0,24,6,3,2,14632.0,1158,13474.0,501,1399,36,0.5,79
148,0,59,0,0,3,1,2,0,53,6,1,4,12554.0,2169,10385.0,529,1422,30,579,173
149,0,32,0,0,1,1,2,0,13,3,3,4,14308.0,1889,12419.0,1.053,1659,39,1.167,132
150,1,51,1,2,2,1,1,0,46,3,1,3,4882.0,695,4187.0,508,1544,44,517,142
151,0,37,0,3,5,0,3,0,36,5,2,4,12830.0,0,12830.0,774,2526,54,588,0.0
152,0,31,1,0,0,0,0,0,24,3,2,4,3827.0,1397,2430.0,0.88,2491,64,1.0,365
153,0,33,0,2,3,1,1,0,20,4,3,3,5657.0,1792,3865.0,904,1914,46,769,317
154,0,49,0,2,4,1,2,0,37,5,3,3,2608.0,1589,1019.0,982,2073,47,516,609
155,0,44,1,2,3,1,0,0,37,4,5,4,3203.0,2076,1127.0,543,1433,38,1.0,648
156,0,59,0,0,1,1,0,0,47,6,3,4,1479.0,787,692.0,865,2139,70,556,532
157,0,26,1,0,3,0,1,0,13,5,1,2,5655.0,0,5655.0,842,2312,61,649,0.0
158,0,41,0,1,4,0,1,0,32,3,2,4,10266.0,1390,8876.0,593,1720,42,556,135
159,0,46,0,1,1,0,2,0,38,5,2,4,23996.0,2517,21479.0,488,1339,29,381,105
160,0,32,0,1,5,0,2,0,27,5,3,3,10029.0,606,9423.0,727,2192,58,657,0.06
161,0,35,0,2,1,1,2,0,36,4,2,4,19127.0,1880,17247.0,788,1859,33,571,98
162,0,61,0,1,0,1,1,0,47,5,3,4,1438.3,847,591.3,436,1397,43,483,589
163,0,47,0,5,2,1,4,0,34,3,1,2,17603.0,1063,16540.0,1.065,2902,64,641,0.06
164,0,60,0,0,4,1,2,0,49,5,1,4,3182.0,1928,1254.0,509,1233,35,0.4,606
165,0,35,1,3,0,1,0,0,25,4,1,2,2149.0,1118,1031.0,903,1581,30,1.0,0.52
166,0,50,0,2,2,0,2,0,36,5,3,2,5965.0,688,5277.0,673,3382,58,1.071,115
167,0,63,1,0,2,1,1,0,53,6,1,4,3118.0,1528,1590.0,604,1291,24,0.6,0.49
168,0,29,0,0,0,1,2,0,20,5,2,3,8592.0,1201,7391.0,778,1842,50,852,0.14
169,0,36,0,3,2,1,1,0,31,6,2,4,2220.0,1337,883.0,768,1685,44,375,602
170,0,65,1,0,3,0,0,0,56,5,3,3,1438.3,0,1438.3,0.76,2249,61,564,0.0
171,0,39,0,4,1,1,2,0,31,3,1,4,11906.0,2032,9874.0,465,1642,39,625,171
172,0,37,1,2,1,1,0,0,27,6,6,2,3148.0,0,3148.0,498,1401,31,722,0.0
173,0,62,1,2,3,1,0,0,51,6,2,4,2986.0,1632,1354.0,883,2141,55,667,547
174,1,26,0,0,1,0,1,0,15,3,1,3,3324.0,0,3324.0,537,982,22,692,0.0
175,0,34,0,2,3,0,0,0,28,5,1,4,4439.0,844,3595.0,863,2858,71,0.69,0.19
176,0,38,0,1,3,1,3,0,28,3,2,3,3946.0,2375,1571.0,921,1646,43,536,602
177,0,42,1,4,4,0,0,0,36,6,2,3,1438.3,674,764.3,1.769,2451,55,1.292,469
178,0,35,0,3,2,1,2,0,28,4,3,4,6921.0,2159,4762.0,895,1931,35,0.75,312
179,0,28,0,1,1,0,0,0,36,5,2,3,1950.0,0,1950.0,803,2074,81,0.8,0.0
180,0,57,0,3,4,1,2,0,36,6,1,4,3478.0,2517,961.0,685,1409,49,0.75,724
181,0,33,0,1,3,0,3,0,20,5,3,2,13206.0,925,12281.0,766,2342,51,1.318,0.07
182,0,37,0,3,0,0,3,0,26,4,2,2,23622.0,1153,22469.0,666,2574,65,625,49
183,0,38,0,2,0,1,1,0,31,4,3,3,6116.0,1698,4418.0,937,1592,32,1.0,278
184,0,54,0,1,2,1,2,0,42,3,2,2,2987.0,2517,470.0,479,1617,35,0.75,843
185,0,35,0,0,1,0,3,2,29,6,2,3,34516.0,1965,32551.0,1.044,2949,70,1.0,57
186,0,34,1,2,3,0,0,0,36,4,3,4,3625.0,2517,1108.0,1.158,2616,46,1.3,694
187,0,39,0,3,3,1,1,0,28,4,3,4,3478.0,0,3478.0,0.65,2133,54,543,0.0
188,0,37,0,3,3,1,2,0,23,4,3,2,3034.0,2167,867.0,711,2058,49,485,714
189,0,35,0,3,3,0,1,0,30,3,1,3,8969.0,1226,7743.0,0.84,2568,59,735,137
190,0,39,0,3,2,0,1,0,28,6,2,2,1640.0,1177,463.0,695,3124,66,784,718
191,0,65,0,0,3,0,0,0,56,3,3,2,3422.0,0,3422.0,929,1973,59,686,0.0
192,0,34,0,1,3,1,4,0,29,4,3,2,14938.0,1412,13526.0,677,1930,36,636,95
193,0,59,1,0,4,1,0,0,49,5,2,3,1479.0,601,878.0,607,1621,32,0.6,406
194,0,36,0,0,2,1,3,0,27,3,3,2,6338.0,2379,3959.0,624,1715,39,0.5,375
195,0,55,0,0,1,1,3,0,35,5,1,4,3864.0,1901,1963.0,289,1018,32,391,492
196,0,36,0,4,3,0,3,0,36,5,3,2,10216.0,1822,8394.0,778,2568,69,683,178
197,0,36,0,2,3,1,2,0,17,5,2,3,3092.0,1825,1267.0,1.46,2883,61,488,0.59
198,0,55,0,3,3,1,3,0,48,5,2,4,16208.0,1278,14930.0,543,1842,56,436,79
199,0,40,0,2,1,0,3,0,28,6,2,4,19279.0,1427,17852.0,892,1777,56,647,74
200,0,52,0,3,4,1,3,0,43,5,2,2,6849.0,2126,4723.0,611,1651,43,344,0.31
201,0,32,0,1,1,1,0,0,14,4,2,2,3568.0,2175,1393.0,1.368,1913,35,667,0.61
202,0,32,0,0,3,0,0,0,26,6,3,3,6942.0,0,6942.0,544,2657,71,0.69,0.0
203,0,43,0,0,1,1,3,0,36,5,3,3,7866.0,0,7866.0,747,2843,53,828,0.0
204,0,39,0,2,3,1,3,0,22,5,4,2,5140.0,2517,2623.0,876,1842,36,714,0.49
205,0,39,0,2,3,1,3,0,27,4,2,2,9959.0,1476,8483.0,952,2760,44,1.0,148
206,0,37,0,3,3,1,1,0,36,3,3,3,2031.0,0,2031.0,752,1678,36,0.8,0.0
207,0,58,0,1,3,1,3,0,49,6,4,2,1654.0,1253,401.0,508,1887,60,538,758
208,0,32,0,3,3,1,1,0,18,5,3,3,6407.0,963,5444.0,1.052,1921,43,0.72,0.15
209,0,38,0,2,0,1,0,0,27,6,2,4,1438.3,0,1438.3,945,2412,58,657,0.0
210,0,31,0,1,0,1,1,0,24,5,2,3,1438.3,0,1438.3,665,2308,49,0.4,0.0
211,0,54,1,0,3,2,0,1,36,4,3,1,12547.0,1378,11169.0,1.12,3360,56,0.75,0.11
212,0,54,0,3,1,0,3,0,36,4,1,3,17686.0,0,17686.0,733,2047,46,533,0.0
213,0,28,1,0,3,2,0,0,23,5,1,3,3818.0,584,3234.0,0.7,2947,87,706,153
214,0,38,0,1,0,1,2,0,25,6,2,3,9303.0,1599,7704.0,1.408,2261,37,542,172
215,0,56,0,1,3,1,2,0,36,3,2,3,15124.0,1974,13150.0,826,1850,44,571,131
216,0,63,1,0,0,0,1,0,56,3,6,4,1438.3,0,1438.3,864,3630,71,578,0.0
217,0,37,0,2,3,0,2,0,23,6,1,2,5663.0,1149,4514.0,767,2553,61,794,203
218,0,36,0,2,1,0,1,0,32,3,5,2,2683.0,1533,1150.0,821,2373,73,659,571
219,0,33,0,1,4,1,3,0,36,4,3,2,2946.0,1359,1587.0,746,2017,48,455,461
220,0,58,1,3,4,0,0,0,54,4,2,3,8886.0,0,8886.0,694,4148,79,756,0.0
221,0,51,0,2,0,0,4,0,36,5,2,4,34516.0,888,33628.0,1.299,1959,42,909,26
222,0,31,0,1,2,1,3,0,36,4,3,3,4260.0,1775,2485.0,1.239,2109,52,625,417
223,0,54,1,2,3,1,0,0,46,6,2,2,2737.0,2517,220.0,533,1619,37,0.48,0.92
224,0,35,0,3,3,0,3,0,25,3,2,3,6510.0,2055,4455.0,1.042,2238,49,531,316
225,0,65,1,1,3,1,0,0,56,4,2,0,7023.0,1726,5297.0,1.178,2535,51,759,246
226,0,57,1,2,1,1,0,0,46,5,1,1,5184.0,1856,3328.0,553,1834,55,571,358
227,0,40,0,4,0,1,3,0,23,6,3,2,9760.0,1657,8103.0,1.134,4542,86,0.87,0.17
228,0,65,1,0,3,1,0,0,53,5,3,5,4161.0,2491,1670.0,0.41,1203,30,579,599
229,0,61,1,0,1,1,0,0,53,5,2,0,3396.0,802,2594.0,548,1418,36,0.5,236
230,0,52,1,2,3,1,0,0,45,3,3,3,2548.0,1683,865.0,0.75,2055,54,636,661
231,0,42,1,4,0,0,0,1,36,4,3,3,10091.0,0,10091.0,1.121,3347,64,778,0.0
232,0,61,0,0,4,1,0,0,56,6,3,4,1438.3,0,1438.3,589,1448,31,292,0.0
233,0,48,0,2,1,1,1,0,29,3,2,1,6168.0,2371,3797.0,668,4303,80,509,384
234,0,65,1,0,1,0,1,0,36,3,3,3,10962.0,1559,9403.0,708,2724,71,651,142
235,0,37,0,3,1,0,3,0,24,5,3,2,6590.0,0,6590.0,714,2449,67,634,0.0
236,0,56,0,2,1,1,4,0,46,4,1,3,27029.0,1347,25682.0,381,1302,27,421,0.05
237,0,40,1,2,3,0,0,0,29,4,3,2,2295.0,0,2295.0,699,3292,62,824,0.0
238,1,43,0,1,3,1,3,0,37,4,2,3,25517.0,321,25196.0,769,2508,44,294,13
239,0,39,0,2,1,1,3,0,28,3,2,4,26570.0,1915,24655.0,1.454,2118,33,1.062,72
240,0,57,0,1,1,1,3,0,36,3,2,2,6543.0,2260,4283.0,448,1519,31,632,345
241,0,60,0,2,3,1,2,0,50,3,1,2,9033.0,845,8188.0,663,1661,35,0.4,94
242,0,41,0,2,2,0,4,0,32,6,3,2,5489.0,1513,3976.0,0.87,4085,65,548,276
243,0,45,0,3,0,1,1,0,36,3,1,1,10619.0,607,10012.0,883,4074,65,477,57
244,0,35,0,0,5,0,2,0,18,6,2,3,2598.0,1645,953.0,765,2483,59,903,633
245,0,33,1,3,3,0,1,0,36,6,1,2,8232.0,2259,5973.0,1.158,2849,67,1.31,274
246,0,35,0,3,3,1,4,0,28,4,3,2,14869.0,0,14869.0,1.624,2753,48,1.087,0.0
247,0,50,1,1,0,1,0,0,36,6,2,2,4204.0,499,3705.0,635,4740,67,523,119
248,0,44,1,4,1,0,1,0,38,6,3,3,7881.0,2517,5364.0,738,3068,77,711,319
249,0,60,1,0,3,1,0,0,50,4,2,2,3147.0,1602,1545.0,569,1558,23,643,509
250,0,37,0,1,3,0,3,0,18,6,2,5,5110.0,1942,3168.0,749,3028,76,583,0.38
251,0,56,0,1,0,1,3,0,40,6,1,1,17450.0,2193,15257.0,419,1426,38,462,126
252,0,50,0,3,3,0,4,0,42,3,1,3,33996.0,949,33047.0,846,3569,77,571,28
253,0,34,1,2,3,0,0,0,27,4,1,1,1901.0,1176,725.0,612,2450,52,857,619
254,0,33,1,1,4,1,0,0,15,6,2,0,1741.0,1328,413.0,0.69,2629,61,649,763
255,0,51,0,4,1,1,3,0,42,6,1,2,14438.0,2517,11921.0,853,2090,47,0.88,174
256,0,36,0,3,1,0,3,0,31,6,1,1,5228.0,1443,3785.0,934,2683,62,938,276
257,0,44,1,3,2,2,1,0,34,5,2,5,4513.0,1950,2563.0,0.83,3164,62,0.59,432
258,0,61,1,0,3,0,1,0,56,4,3,5,7118.0,813,6305.0,475,3964,66,0.65,114
259,0,47,0,4,2,2,1,0,36,5,1,1,5570.0,1858,3712.0,783,4129,72,636,334
260,0,49,0,0,0,0,3,0,36,5,3,4,16156.0,2517,13639.0,804,4160,81,653,156
261,0,30,0,0,1,1,0,0,21,5,4,3,2490.0,1259,1231.0,1.079,2441,53,514,506
262,0,65,0,0,2,2,0,0,42,5,3,2,9706.0,1968,7738.0,1.022,3435,58,706,203
263,0,46,1,3,3,0,1,0,41,5,2,4,7457.0,0,7457.0,717,3162,64,0.73,0.0
264,0,37,1,4,1,2,1,0,22,5,1,3,2563.0,1638,925.0,681,2064,46,917,639
265,0,36,1,3,3,0,1,0,28,3,2,3,3701.0,969,2732.0,1.079,3222,86,623,262
266,0,49,0,5,1,1,3,0,36,6,2,2,2292.0,0,2292.0,976,2584,60,0.5,0.0
267,0,52,0,5,3,0,3,0,47,3,1,1,2047.0,665,1382.0,605,3452,66,692,325
268,0,46,0,2,3,1,2,0,34,4,2,0,9451.0,1280,8171.0,681,3179,79,975,135
269,0,52,0,2,5,1,3,0,38,4,2,2,12878.0,1628,11250.0,542,1968,59,735,126
270,0,33,1,4,3,0,0,0,22,5,1,2,2001.0,1217,784.0,775,3162,99,707,608
271,0,52,1,4,3,1,0,0,36,6,1,2,4592.0,2517,2075.0,572,1470,33,737,548
272,0,43,1,4,3,0,0,0,32,6,3,4,4341.0,0,4341.0,613,3825,63,537,0.0
273,0,30,1,0,3,2,0,0,17,4,1,3,4704.0,0,4704.0,1.177,3294,87,891,0.0
274,0,53,1,3,0,1,0,0,36,4,3,2,4224.0,2417,1807.0,522,1458,29,1.071,572
275,0,52,0,3,2,1,3,0,33,3,3,4,27751.0,1018,26733.0,426,1427,25,667,37
276,0,47,1,4,0,0,1,0,33,3,2,1,9148.0,561,8587.0,774,3451,59,967,61
277,0,46,1,3,3,0,0,1,39,4,3,2,12222.0,1260,10962.0,1.138,3418,78,733,103
278,0,48,0,2,1,0,3,0,36,3,2,4,10227.0,1695,8532.0,875,3577,82,783,166
279,0,42,1,3,1,0,0,1,31,5,2,3,13441.0,2517,10924.0,734,1894,49,633,187
280,0,57,0,3,3,1,3,0,46,6,2,3,5516.0,2517,2999.0,473,1532,24,0.5,456
281,0,43,0,3,3,0,2,0,30,3,2,4,19711.0,0,19711.0,1.037,3602,72,1.0,0.0
282,0,35,0,4,3,0,2,0,22,3,3,3,8717.0,719,7998.0,556,2067,59,595,82
283,0,38,0,0,3,1,2,0,33,5,4,4,11741.0,1560,10181.0,773,2143,41,783,133
284,0,63,1,1,2,0,1,0,56,5,3,2,3071.0,2044,1027.0,0.91,4433,68,659,666
285,0,36,0,1,3,0,3,0,27,3,2,4,3761.0,1710,2051.0,627,3240,65,585,455
286,0,41,0,4,1,1,2,0,29,3,2,2,4573.0,0,4573.0,703,3776,70,944,0.0
287,0,44,1,2,1,0,1,0,25,6,2,3,3299.0,2517,782.0,981,4312,84,787,763
288,0,50,0,4,3,1,1,0,38,6,3,3,2845.0,1153,1692.0,836,3730,66,941,405
289,0,47,0,3,1,1,2,0,35,5,1,2,17343.0,1280,16063.0,1.314,3170,57,629,74
290,0,39,0,2,0,0,1,0,25,4,1,3,9121.0,1426,7695.0,666,4112,80,481,156
291,1,46,0,4,3,0,3,0,36,3,1,4,1818.0,0,1818.0,672,2308,44,467,0.0
292,0,52,0,1,0,1,4,0,46,5,2,4,8596.0,2019,6577.0,677,4017,80,0.6,235
293,0,49,0,2,1,1,2,0,39,6,3,2,7223.0,1963,5260.0,852,4127,70,842,272
294,0,63,0,1,1,1,2,0,56,3,2,4,7216.0,2321,4895.0,491,1734,38,583,322
295,0,36,0,2,2,0,2,0,22,5,3,3,4511.0,754,3757.0,905,2597,71,919,167
296,0,44,0,2,1,1,3,0,38,6,3,3,9183.0,2191,6992.0,582,4503,69,643,239
297,0,51,1,3,1,0,1,0,36,6,5,2,3417.0,1482,1935.0,705,3651,60,818,434
298,1,64,0,0,3,0,0,0,36,3,3,5,3812.0,2517,1295.0,586,2325,45,731,0.66
299,1,50,0,4,3,0,4,1,32,5,3,2,34516.0,0,34516.0,321,1480,37,276,0.0
300,0,44,1,2,1,1,0,0,32,4,2,3,2485.0,1489,996.0,779,3697,77,833,599
301,1,62,1,0,5,0,0,0,50,6,3,5,2936.0,326,2610.0,935,2692,29,526,111
302,0,47,1,2,3,1,1,0,36,5,2,3,2255.0,1733,522.0,903,4772,83,729,769
303,0,56,1,3,1,0,0,0,48,6,5,3,8340.0,1902,6438.0,0.81,3755,77,833,228
304,0,45,0,1,3,1,0,0,33,4,3,4,2009.0,1795,214.0,645,3172,55,719,893
305,0,50,1,3,0,0,0,0,41,4,2,2,2563.0,1860,703.0,0.68,3774,83,804,726
306,0,40,0,3,3,1,3,1,27,3,1,2,34516.0,0,34516.0,834,3193,53,559,0.0
307,0,46,1,4,3,1,0,0,42,4,2,0,3504.0,1698,1806.0,575,4439,70,628,485
308,0,46,0,4,2,0,2,0,34,5,3,4,2369.0,1405,964.0,624,3034,51,889,593
309,0,56,0,3,1,1,3,0,45,5,2,2,4531.0,0,4531.0,491,1425,27,1.077,0.0
310,0,56,0,2,0,2,1,0,45,3,1,3,6331.0,1420,4911.0,529,3527,69,438,224
311,0,50,0,1,5,2,2,0,33,3,5,2,19939.0,0,19939.0,01.03,3342,76,462,0.0
312,1,38,0,2,3,0,4,0,36,5,2,1,34516.0,1229,33287.0,427,1797,35,296,36
313,0,57,0,2,1,0,3,0,36,6,3,0,8026.0,2202,5824.0,586,4072,72,0.6,274
314,0,42,1,3,3,0,0,0,35,5,2,4,5596.0,1086,4510.0,587,3896,65,757,194
315,0,44,0,3,4,1,1,0,36,5,2,2,11366.0,2109,9257.0,993,3495,70,795,186
316,0,44,0,4,3,0,2,0,25,3,3,2,10534.0,0,10534.0,985,3456,72,636,0.0
317,0,46,0,3,0,0,2,0,36,5,1,2,5489.0,1189,4300.0,0.95,3215,64,882,217
318,0,52,0,2,1,0,1,0,36,3,1,3,1470.0,0,1470.0,0.64,4095,63,0.75,0.0
319,0,63,0,1,3,0,0,0,56,4,2,2,7936.0,2081,5855.0,941,4247,81,841,262
320,0,52,1,2,3,1,0,0,36,3,1,3,4950.0,1829,3121.0,671,4529,73,872,369
321,0,63,0,1,1,0,0,0,51,5,3,2,6102.0,0,6102.0,639,4527,67,558,0.0
322,1,41,1,2,3,1,1,0,32,3,2,2,9576.0,0,9576.0,817,2362,49,0.4,0.0
323,0,55,0,1,3,0,3,0,44,4,3,2,2663.0,1784,879.0,785,4317,81,929,0.67
324,0,39,0,4,4,0,2,1,36,6,3,3,25133.0,0,25133.0,461,4033,73,327,0.0
325,0,44,1,3,2,1,1,0,24,3,1,4,8495.0,1537,6958.0,919,1950,31,938,181
326,0,43,1,3,2,0,0,0,32,5,3,3,4204.0,0,4204.0,1.073,3799,85,604,0.0
327,0,43,1,4,3,1,0,0,29,3,3,3,2778.0,1640,1138.0,0.82,4007,75,705,0.59
328,0,40,0,2,3,2,2,0,36,5,2,4,8624.0,0,8624.0,574,2428,53,893,0.0
329,0,50,0,1,0,1,2,0,40,6,1,4,4092.0,996,3096.0,644,2298,48,655,243
330,0,50,0,2,0,0,3,0,42,3,3,4,1645.0,0,1645.0,771,3838,60,463,0.0
331,0,45,1,4,2,2,0,0,39,5,1,2,4948.0,1655,3293.0,562,3711,64,524,334
332,1,38,0,2,3,1,2,0,36,2,3,2,1438.3,0,1438.3,461,1651,42,0.5,0.0
333,0,51,0,1,1,0,2,0,45,3,3,4,2458.0,0,2458.0,819,3377,54,929,0.0
334,0,65,0,0,1,0,1,0,53,3,2,2,2507.0,1613,894.0,1.082,3325,67,675,643
335,0,38,0,1,3,0,2,0,34,5,3,4,23391.0,1977,21414.0,558,4106,85,809,85
336,0,48,1,5,3,1,0,0,36,5,3,0,6921.0,1023,5898.0,816,4608,79,927,148
337,0,45,0,4,3,1,4,0,36,5,2,3,34516.0,880,33636.0,687,3491,64,455,25
338,0,46,1,3,3,2,0,0,37,6,1,0,9013.0,0,9013.0,597,3819,71,614,0.0
339,0,56,0,4,3,0,0,0,36,3,2,3,3057.0,1077,1980.0,934,4449,77,878,352
340,0,41,0,3,5,0,2,0,34,5,3,2,12420.0,0,12420.0,709,4422,70,628,0.0
341,0,64,1,0,0,0,0,0,36,3,1,3,7112.0,1358,5754.0,553,4951,73,587,191
342,0,46,1,2,3,0,0,0,40,4,2,4,1438.3,639,799.3,768,4427,85,735,444
343,0,41,0,2,0,1,2,0,13,4,2,2,2243.0,1944,299.0,942,3216,77,674,867
344,0,41,0,1,3,1,3,0,31,5,3,4,10239.0,2224,8015.0,545,2149,40,1.105,217
345,0,47,0,5,4,1,0,0,41,4,2,1,3532.0,0,3532.0,0.82,3162,56,0.6,0.0
346,0,62,1,0,3,2,1,0,50,3,2,4,11352.0,2517,8835.0,751,4021,56,806,222
347,0,40,0,4,3,1,0,0,34,3,1,2,2577.0,1812,765.0,666,4134,62,824,703
348,0,39,1,1,3,0,1,0,32,3,3,1,3812.0,1103,2709.0,757,4080,65,625,289
349,0,45,0,5,0,0,3,0,38,3,4,4,7560.0,788,6772.0,1.193,4296,68,0.7,104
350,0,45,0,0,3,1,2,0,40,4,3,3,1438.3,0,1438.3,555,4869,66,737,0.0
351,0,55,1,2,2,0,1,0,35,4,4,4,1438.3,696,742.3,888,4307,76,0.9,484
352,0,46,0,4,3,0,3,0,35,6,3,3,11096.0,0,11096.0,881,3949,69,683,0.0
353,0,46,0,3,3,1,3,0,37,3,1,4,4786.0,0,4786.0,789,4347,69,683,0.0
354,0,42,0,3,1,1,4,0,36,3,1,2,19156.0,1353,17803.0,1.41,3547,61,649,71
355,0,60,1,1,4,0,1,0,50,4,1,2,4606.0,0,4606.0,857,4181,63,1.032,0.0
356,0,36,1,2,2,1,0,0,17,5,2,2,1971.0,0,1971.0,613,4979,77,571,0.0
357,0,41,1,4,3,1,1,0,33,6,3,2,6230.0,1173,5057.0,607,3769,77,0.54,188
358,0,44,0,3,1,1,3,0,36,3,3,2,22243.0,1377,20866.0,567,3200,91,717,62
359,0,44,0,4,2,0,3,0,34,4,4,3,22074.0,0,22074.0,1.199,4406,80,739,0.0
360,0,49,1,4,3,0,0,0,42,4,3,4,2162.0,1882,280.0,934,3825,70,0.75,0.87
361,1,48,0,4,2,1,3,0,32,5,2,3,25190.0,0,25190.0,467,1533,41,323,0.0
362,0,51,1,3,1,1,0,0,40,6,3,3,7540.0,773,6767.0,688,4755,58,706,103
363,0,58,1,0,0,0,0,0,48,6,2,4,2628.0,1542,1086.0,0.93,4335,76,727,587
364,0,46,0,1,3,0,3,0,41,4,2,3,8916.0,0,8916.0,631,2773,62,676,0.0
365,0,44,1,4,0,1,0,1,36,6,3,0,11879.0,0,11879.0,735,3490,62,938,0.0
366,0,65,0,0,5,0,0,0,52,3,3,4,3675.0,0,3675.0,664,3798,53,472,0.0
367,1,51,0,3,1,1,2,0,31,3,3,3,8989.0,0,8989.0,0.47,2031,53,1.038,0.0
368,0,53,0,3,3,0,3,0,46,5,2,3,9065.0,1548,7517.0,872,4030,73,0.78,171
369,0,50,1,1,4,0,0,0,39,4,2,2,1438.3,851,587.3,983,4379,64,829,592
370,1,46,1,4,0,1,0,0,36,3,3,3,1438.3,0,1438.3,346,1517,38,407,0.0
371,0,53,0,1,3,0,4,0,38,4,3,3,1891.0,922,969.0,812,3822,69,533,488
372,0,50,1,3,5,0,0,0,39,6,1,3,9966.0,0,9966.0,966,4401,60,1.069,0.0
373,0,49,0,4,3,0,3,0,36,5,1,3,1963.0,1516,447.0,872,4150,75,744,772
374,1,43,1,3,0,1,0,0,30,1,3,4,4579.0,1506,3073.0,443,1915,44,375,329
375,0,53,0,3,0,0,2,0,36,6,2,2,6836.0,1607,5229.0,524,4421,74,542,235
376,0,48,0,2,3,1,1,0,41,5,2,4,2582.0,1399,1183.0,559,2144,42,909,542
377,0,50,0,1,1,0,4,0,37,4,1,4,9758.0,1792,7966.0,626,4134,60,765,184
378,1,57,1,3,0,0,0,0,51,3,0,3,1438.3,0,1438.3,429,2113,38,267,0.0
379,0,49,0,2,1,1,3,0,36,4,3,1,3989.0,2514,1475.0,469,5189,82,519,0.63
380,0,49,1,4,0,0,0,0,44,4,2,2,2659.0,0,2659.0,0.84,4546,81,884,0.0
381,0,36,1,3,1,0,0,0,31,4,2,3,2909.0,2085,824.0,1.035,5154,80,0.86,717
382,0,48,0,4,3,1,0,0,36,4,1,2,2912.0,1501,1411.0,825,4518,90,875,515
383,0,62,0,0,3,0,3,0,56,4,3,3,1438.3,0,1438.3,794,3628,74,644,0.0
384,0,52,0,2,1,0,3,0,44,3,2,4,28186.0,1308,26878.0,679,2853,64,0.73,46
385,0,44,1,2,0,0,0,0,37,5,2,3,2568.0,1875,693.0,578,4254,85,735,0.73
386,1,45,1,2,3,1,0,0,40,6,3,3,5848.0,2517,3331.0,561,2000,32,0.28,0.43
387,0,43,1,4,3,1,0,0,38,4,2,2,2655.0,1650,1005.0,701,4025,62,0.59,621
388,0,55,1,2,1,1,0,0,36,5,1,4,1994.0,1175,819.0,794,4455,82,547,589
389,0,39,0,0,5,0,2,0,33,6,2,0,10452.0,1120,9332.0,802,3592,79,795,107
390,0,37,1,0,3,2,1,0,28,4,3,1,1920.0,0,1920.0,688,4715,81,841,0.0
391,0,48,1,4,3,0,0,0,35,3,2,2,1705.0,1192,513.0,763,4862,41,242,699
392,1,52,1,2,5,1,1,0,43,3,2,4,1822.0,1605,217.0,756,2538,39,696,881
393,0,39,1,4,0,0,1,0,34,4,2,2,10264.0,803,9461.0,802,4003,74,721,78
394,0,29,1,1,1,0,0,0,20,4,2,1,3095.0,1488,1607.0,924,4642,92,878,481
395,0,38,1,3,1,1,0,0,31,4,3,2,1854.0,0,1854.0,885,5245,89,712,0.0
396,0,50,1,2,0,0,0,0,37,6,5,2,1438.3,754,684.3,0.74,4457,69,683,524
397,0,63,1,0,2,0,0,0,44,3,4,2,1938.0,0,1938.0,536,3974,56,931,0.0
398,1,37,0,3,0,0,1,0,36,3,2,4,1696.0,0,1696.0,857,2095,43,536,0.0
399,0,42,0,2,4,0,2,0,26,6,2,3,20803.0,1747,19056.0,311,4012,60,429,84
400,0,46,0,3,2,0,3,1,38,3,3,1,34516.0,1278,33238.0,0.51,4699,73,622,37
401,0,47,1,5,3,1,0,0,42,5,1,2,3111.0,1541,1570.0,656,4570,68,511,495
402,0,46,0,3,2,1,3,0,41,4,3,1,18927.0,887,18040.0,1.065,3101,54,1.0,47
403,0,46,1,3,3,1,1,0,39,3,3,2,2644.0,2126,518.0,748,3601,66,0.65,804
404,0,55,0,2,3,0,3,0,36,3,2,1,15026.0,916,14110.0,721,3281,63,0.8,61
405,0,42,0,3,2,0,3,0,36,6,1,0,29535.0,895,28640.0,952,3934,74,644,0.03
406,0,51,1,3,0,1,0,0,39,3,3,0,8148.0,701,7447.0,819,4124,87,891,86
407,0,45,0,4,1,0,3,0,34,3,2,3,15913.0,1696,14217.0,632,4472,86,792,107
408,0,44,1,2,1,0,0,0,36,5,3,4,8685.0,0,8685.0,666,2473,56,0.6,0.0
409,0,42,0,2,3,0,1,0,28,3,1,3,1711.0,0,1711.0,983,4496,77,925,0.0
410,0,45,1,3,0,1,0,0,38,6,5,1,2728.0,0,2728.0,879,4554,75,744,0.0
411,0,45,1,3,3,1,0,0,34,6,2,3,2641.0,1336,1305.0,1.019,4224,77,791,506
412,0,50,1,0,1,1,0,0,36,4,3,2,1513.0,0,1513.0,854,4759,98,719,0.0
413,0,49,1,1,1,1,0,0,39,5,2,2,1909.0,866,1043.0,0.88,4697,83,844,454
414,0,43,0,2,2,0,4,0,37,6,3,1,14315.0,1348,12967.0,681,3694,67,718,94
415,0,41,1,2,3,1,0,0,30,6,2,4,2157.0,721,1436.0,769,4250,85,889,334
416,0,42,0,3,3,0,2,1,22,5,3,1,25293.0,1140,24153.0,01.01,4059,80,0.86,45
417,1,47,1,3,3,0,0,0,39,3,3,3,1438.3,0,1438.3,502,2476,32,778,0.0
418,0,48,1,3,2,1,0,0,36,4,1,2,2544.0,0,2544.0,759,3593,64,1.0,0.0
419,0,41,0,4,1,0,4,0,28,5,1,4,34516.0,0,34516.0,791,4004,86,755,0.0
420,1,53,1,3,2,1,0,0,43,3,2,2,3573.0,0,3573.0,842,2562,36,0.44,0.0
421,0,51,0,2,3,2,2,0,41,4,3,1,1959.0,0,1959.0,454,3737,71,614,0.0
422,0,47,0,4,1,0,1,1,32,3,3,4,18535.0,1192,17343.0,646,3780,70,667,64
423,0,37,0,2,1,0,2,0,21,5,2,2,3433.0,964,2469.0,526,4444,87,642,281
424,1,32,1,1,3,0,0,0,36,3,3,6,2761.0,0,2761.0,1.047,2753,43,654,0.0
425,0,50,0,2,1,1,4,0,38,5,6,0,10747.0,1027,9720.0,925,4538,63,658,96
426,0,45,1,4,3,0,0,0,36,5,3,2,2072.0,1544,528.0,903,4210,64,939,745
427,0,41,0,4,3,0,1,0,36,3,1,1,6507.0,1452,5055.0,802,4544,89,854,223
428,0,40,1,3,3,0,0,0,29,5,1,4,2694.0,1833,861.0,1.044,3366,56,1.074,0.68
429,0,42,1,3,3,2,0,0,36,5,2,3,3714.0,2517,1197.0,857,4715,85,848,678
430,0,35,1,2,0,0,0,0,36,3,2,1,2942.0,2100,842.0,694,4548,71,821,714
431,1,50,1,4,3,0,0,0,44,2,3,2,3201.0,2517,684.0,445,1880,42,355,786
432,0,39,1,1,4,1,1,0,36,5,3,2,2147.0,771,1376.0,0.69,4631,76,767,359
433,1,41,1,3,3,0,1,0,31,4,3,2,5655.0,1154,4501.0,702,2189,51,0.7,204
434,0,39,0,3,3,0,2,0,36,5,3,4,2527.0,2204,323.0,0.9,4598,85,771,872
435,1,49,1,0,5,1,0,0,40,3,4,4,3547.0,2517,1030.0,805,2715,45,731,0.71
436,0,51,1,1,3,1,0,0,44,6,2,0,6160.0,2258,3902.0,717,3986,80,0.6,367
437,0,41,1,4,3,0,0,0,24,3,3,1,2069.0,1393,676.0,875,4962,70,0.75,673
438,1,30,1,1,3,1,0,0,36,2,2,3,2905.0,2517,388.0,725,2487,39,393,866
439,0,48,0,3,3,1,2,0,38,6,1,0,5649.0,748,4901.0,1.077,4683,72,946,132
440,0,46,1,1,3,0,1,0,34,4,2,2,3569.0,0,3569.0,706,4186,72,636,0.0
441,0,40,1,3,0,2,1,0,28,3,1,3,6608.0,2270,4338.0,0.75,4033,58,657,344
442,1,31,1,0,4,2,0,0,36,6,3,3,4871.0,0,4871.0,0.89,2773,34,789,0.0
443,0,39,0,4,1,1,2,0,32,4,2,2,19198.0,2218,16980.0,802,4423,90,667,116
444,1,38,0,2,0,0,4,0,30,6,3,4,4043.0,2517,1526.0,602,2600,47,621,623
445,1,56,1,1,2,0,0,0,43,3,2,2,2846.0,0,2846.0,747,2122,44,419,0.0
446,1,44,1,4,0,0,0,0,32,6,3,4,1438.3,170,1268.3,889,2527,45,406,118
447,0,52,1,2,2,1,1,0,41,3,1,1,3224.0,2111,1113.0,601,3707,74,682,655
448,0,47,0,3,3,1,3,0,41,6,1,4,11997.0,1424,10573.0,749,4125,80,0.86,119
449,0,53,1,3,4,1,0,0,43,4,3,4,1438.3,0,1438.3,939,4075,71,614,0.0
450,1,53,0,1,4,0,2,0,46,6,2,4,4573.0,2076,2497.0,839,2720,46,484,454
451,0,54,1,2,0,0,0,0,41,5,2,4,1438.3,814,624.3,675,4217,72,0.5,566
452,0,54,1,2,5,1,1,0,43,5,3,2,2222.0,1398,824.0,785,3960,79,756,629
453,1,43,1,5,0,0,0,0,36,5,3,4,2689.0,2384,305.0,365,1941,53,656,887
454,0,49,1,2,3,1,0,0,38,3,4,2,1438.3,0,1438.3,584,4497,79,612,0.0
455,0,41,0,4,3,1,3,0,27,4,2,4,12270.0,0,12270.0,543,4578,67,811,0.0
456,0,55,0,2,1,0,4,0,49,6,3,4,3029.0,1505,1524.0,0.56,2394,50,471,497
457,0,55,1,2,0,1,0,0,43,6,2,3,2736.0,993,1743.0,01.06,4078,85,977,363
458,0,57,1,1,0,2,0,0,47,6,6,1,2201.0,1420,781.0,762,4256,70,591,645
459,0,56,1,3,1,1,0,0,47,6,3,4,2865.0,2022,843.0,547,3441,66,0.65,706
460,0,58,0,1,0,0,2,0,46,6,3,1,2541.0,1053,1488.0,926,4552,82,745,414
461,1,48,1,4,5,2,1,0,35,4,3,2,3646.0,1047,2599.0,633,1969,38,0.52,287
462,0,47,1,4,3,1,0,0,34,5,3,4,1926.0,879,1047.0,536,4385,71,614,456
463,1,48,0,3,4,1,1,0,36,3,2,4,2954.0,931,2023.0,575,2433,29,381,315
464,1,60,0,1,0,1,0,0,36,1,3,4,3316.0,0,3316.0,372,1684,19,188,0.0
465,0,42,0,4,0,1,4,0,37,3,2,4,6953.0,1445,5508.0,591,3700,80,569,208
466,0,48,1,4,2,1,1,0,37,3,6,2,1792.0,933,859.0,821,4120,78,773,521
467,0,39,1,4,0,0,0,0,36,5,3,4,1623.0,729,894.0,886,4423,65,806,449
468,0,43,1,2,1,0,1,0,38,4,2,2,5070.0,0,5070.0,0.67,4193,67,811,0.0
469,0,49,1,4,5,0,1,0,39,5,3,1,3255.0,603,2652.0,617,4045,62,824,185
470,0,44,1,3,0,0,0,0,38,4,1,3,1438.3,0,1438.3,801,4287,80,667,0.0
471,0,40,1,2,0,1,0,0,26,3,2,1,2708.0,0,2708.0,572,4277,90,636,0.0
472,0,45,1,2,1,1,0,0,36,4,1,3,1640.0,999,641.0,811,4597,77,878,609
473,0,52,0,2,4,1,3,0,36,6,4,1,1981.0,1448,533.0,723,4639,61,743,731
474,0,30,1,0,1,0,0,0,20,3,3,4,2112.0,1109,1003.0,693,4729,78,733,525
475,0,60,1,0,5,0,0,0,42,5,3,3,2758.0,1429,1329.0,718,5124,74,644,518
476,0,41,1,0,1,1,0,0,31,4,2,4,2685.0,1647,1038.0,812,4625,94,516,613
477,0,48,0,3,4,2,2,0,36,3,3,4,2648.0,0,2648.0,715,3880,74,721,0.0
478,1,43,1,2,2,1,0,0,36,5,2,3,4020.0,0,4020.0,563,1952,39,345,0.0
479,0,60,1,1,1,0,0,0,36,5,2,2,2688.0,1617,1071.0,552,4183,71,614,602
480,0,52,1,2,1,1,1,0,44,3,3,1,5731.0,0,5731.0,685,4751,85,932,0.0
481,0,53,1,3,0,2,0,0,43,5,1,2,2383.0,1516,867.0,857,4917,78,0.95,636
482,0,46,1,5,1,0,0,0,36,6,3,3,1787.0,1324,463.0,684,4084,79,1.026,741
483,0,50,0,2,4,2,1,0,43,5,2,4,3525.0,0,3525.0,798,4742,62,824,0.0
484,0,38,0,1,2,1,2,0,36,4,1,2,2836.0,862,1974.0,772,4121,83,694,304
485,0,53,1,3,3,1,0,0,35,4,3,1,3390.0,2180,1210.0,877,4585,78,0.95,643
486,0,50,1,1,3,0,0,0,39,4,5,2,2434.0,1340,1094.0,668,4498,76,0.81,551
487,0,50,1,1,3,1,0,0,36,3,1,2,4143.0,1888,2255.0,561,3940,74,805,456
488,0,48,0,5,3,1,3,0,42,6,3,3,12882.0,1402,11480.0,783,4407,84,647,109
489,1,35,0,3,5,1,3,0,30,5,3,4,13590.0,1528,12062.0,728,2137,52,486,112
490,0,49,1,2,3,1,0,0,39,3,3,3,2796.0,1035,1761.0,664,4869,78,857,0.37
491,0,34,1,2,2,0,0,0,20,5,2,3,2715.0,1503,1212.0,704,4177,68,659,554
492,0,51,1,2,1,0,1,0,37,5,1,1,2621.0,2426,195.0,727,4885,74,1.114,926
493,0,57,1,1,3,0,0,0,36,4,2,3,1771.0,1289,482.0,911,4813,84,867,728
494,0,43,1,2,3,0,1,1,39,3,1,2,18524.0,1736,16788.0,762,4496,64,882,94
495,1,49,0,3,2,1,4,0,43,5,3,3,4781.0,0,4781.0,788,2451,50,667,0.0
496,0,59,1,0,4,0,1,0,40,5,3,3,2634.0,1644,990.0,1.092,4190,71,732,624
497,0,52,0,5,5,0,1,1,39,4,2,2,17835.0,868,16967.0,723,4258,58,657,49
498,0,42,1,3,1,1,0,0,33,6,3,2,3815.0,1190,2625.0,852,4430,94,741,312
499,0,43,1,1,0,2,0,0,36,5,2,3,2077.0,1254,823.0,821,4226,75,1.143,604
500,0,42,1,3,0,1,0,0,36,6,2,2,5821.0,0,5821.0,859,4591,70,1.188,0.0
501,0,44,0,3,1,1,2,0,36,6,2,3,2675.0,0,2675.0,0.7,4149,79,717,0.0
502,1,51,1,1,1,0,0,0,33,6,3,3,2006.0,1608,398.0,1.043,2760,38,652,802
503,0,49,1,4,1,1,0,0,44,4,2,3,1656.0,929,727.0,898,4408,79,681,561
504,0,52,1,1,3,1,0,0,42,4,2,3,2012.0,1230,782.0,668,3822,68,659,611
505,0,47,1,4,1,1,0,0,29,6,3,0,2712.0,2411,301.0,844,5201,82,907,889
506,0,35,1,2,3,0,0,0,23,6,3,3,2317.0,1301,1016.0,925,4161,71,1.219,562
507,1,52,1,3,1,1,0,0,40,3,5,1,2003.0,1735,268.0,855,2343,42,355,866
508,1,47,1,2,1,1,0,0,39,5,3,3,3899.0,0,3899.0,718,2182,40,429,0.0
509,0,29,1,2,3,1,0,0,25,6,3,2,2732.0,1746,986.0,1.028,4702,85,771,639
510,0,35,1,3,5,1,0,0,30,5,2,2,3976.0,1789,2187.0,931,4419,75,829,0.45
511,0,53,1,2,1,0,1,0,47,5,2,3,1536.0,728,808.0,604,4133,78,529,474
512,0,44,0,1,0,2,4,0,39,3,2,3,11362.0,0,11362.0,668,3197,61,564,0.0
513,0,40,0,4,3,1,2,1,36,6,1,3,27436.0,642,26794.0,705,4051,81,761,23
514,0,45,0,4,3,1,2,0,34,6,2,3,2731.0,1868,863.0,533,3915,66,0.65,684
515,0,46,0,5,0,0,2,0,36,3,3,2,24512.0,766,23746.0,509,4561,78,368,31
516,1,43,1,3,1,0,1,0,34,1,3,2,1654.0,1474,180.0,586,2086,47,621,891
517,0,39,0,3,1,1,4,0,36,6,3,2,3281.0,1682,1599.0,577,4109,69,0.5,513
518,1,35,1,5,1,1,1,0,25,3,2,6,1438.3,0,1438.3,763,2500,44,517,0.0
519,0,39,1,2,3,0,0,0,26,5,3,3,2469.0,1826,643.0,666,3837,74,721,0.74
520,0,56,1,1,3,0,0,0,38,4,1,3,1737.0,0,1737.0,953,4723,78,625,0.0
521,0,52,0,2,2,0,2,0,37,4,3,3,2749.0,1380,1369.0,937,3882,90,765,502
522,1,55,1,1,3,1,0,0,46,6,4,3,4232.0,0,4232.0,878,2312,37,609,0.0
523,0,45,1,2,3,1,0,0,34,4,1,2,1438.3,877,561.3,743,4283,76,617,0.61
524,0,61,1,0,4,1,1,0,53,4,3,2,2566.0,2164,402.0,578,4344,73,659,843
525,0,42,0,2,3,0,2,0,26,4,3,2,11761.0,1775,9986.0,925,4946,73,698,151
526,0,45,1,5,0,0,0,0,32,3,3,0,2859.0,1776,1083.0,0.79,4440,79,756,621
527,1,52,1,1,2,0,0,0,41,5,3,6,1764.0,0,1764.0,824,2740,47,343,0.0
528,0,49,0,4,5,0,2,1,37,5,2,2,30976.0,2051,28925.0,684,3193,69,725,66
529,0,50,0,0,3,0,3,0,45,3,2,2,2135.0,1506,629.0,883,4821,77,711,705
530,0,58,0,2,1,0,2,1,49,4,3,3,30186.0,0,30186.0,606,4070,74,574,0.0
531,0,44,1,3,2,1,0,0,31,5,6,2,2679.0,727,1952.0,894,4804,78,814,271
532,0,49,1,1,3,1,1,0,39,3,3,3,7201.0,1992,5209.0,778,3981,76,949,277
533,0,43,1,5,3,1,0,0,23,5,3,3,8597.0,903,7694.0,773,5173,78,733,105
534,0,48,1,3,1,2,1,0,40,3,1,3,2405.0,1410,995.0,866,4421,79,881,586
535,0,41,1,2,2,1,0,0,31,4,2,3,9759.0,2038,7721.0,622,4226,77,638,209
536,0,49,1,2,1,1,1,0,40,5,3,2,3263.0,1522,1741.0,0.58,4288,69,725,466
537,0,35,1,4,3,0,0,0,29,6,3,0,2118.0,1189,929.0,1.158,4541,60,818,561
538,0,59,1,1,3,0,0,0,52,5,3,3,2636.0,1619,1017.0,565,4727,83,627,614
539,0,52,1,3,4,1,1,0,33,3,2,0,3900.0,0,3900.0,1.092,4337,81,0.8,0.0
540,1,44,1,1,2,1,0,0,36,6,3,3,3052.0,0,3052.0,868,2598,47,469,0.0
541,0,46,1,1,5,1,0,0,29,3,3,2,2406.0,1705,701.0,624,4665,89,816,709
542,1,34,1,3,1,0,0,0,21,2,2,2,1576.0,0,1576.0,789,2703,56,1.0,0.0
543,0,43,0,1,2,1,2,0,36,3,3,2,13840.0,1079,12761.0,947,4190,74,805,78
544,1,49,1,1,0,1,1,0,41,4,3,3,1438.3,522,916.3,383,2030,37,0.37,363
545,0,41,0,2,5,1,1,0,32,5,3,3,6059.0,1171,4888.0,678,4119,70,667,193
546,0,44,1,4,4,2,0,0,26,4,1,3,2295.0,1250,1045.0,912,3834,69,643,545
547,0,38,0,3,3,1,3,0,19,5,2,2,1518.0,1115,403.0,705,3595,65,857,735
548,0,45,1,1,0,1,0,0,35,3,3,2,1438.3,1080,358.3,802,4425,79,717,751
549,0,51,0,4,1,0,3,0,37,6,2,2,8783.0,2142,6641.0,662,4425,83,766,244
550,0,64,0,1,3,0,0,0,36,4,3,1,1861.0,1677,184.0,742,5225,94,679,901
551,0,43,1,4,3,1,0,0,30,4,1,3,4829.0,1153,3676.0,534,4778,65,0.97,239
552,0,38,1,0,3,0,0,0,32,6,3,3,1755.0,750,1005.0,659,5000,79,837,427
553,1,43,0,3,3,1,2,0,36,4,2,3,17239.0,0,17239.0,393,1789,38,357,0.0
554,0,48,1,1,1,1,1,1,28,3,1,2,15713.0,1387,14326.0,904,4775,61,605,88
555,0,48,0,5,0,0,2,0,38,6,2,3,22639.0,1481,21158.0,703,4219,65,477,65
556,0,54,0,3,3,1,1,0,44,3,3,3,1655.0,0,1655.0,766,4621,67,675,0.0
557,0,42,1,3,1,0,0,0,32,5,3,3,1931.0,1297,634.0,1.037,4693,66,833,672
558,0,59,0,0,3,0,0,0,36,5,3,3,3604.0,1483,2121.0,597,4576,87,706,411
559,0,44,0,4,0,1,3,1,27,4,3,2,34516.0,1043,33473.0,0.69,4654,59,639,0.03
560,0,38,1,3,3,0,0,0,28,6,2,2,2699.0,564,2135.0,683,4813,78,814,209
561,1,42,1,0,2,0,1,0,30,5,2,3,1438.3,1223,215.3,491,2181,43,593,0.85
562,0,41,1,5,1,2,0,0,34,3,1,3,2137.0,996,1141.0,625,4290,90,875,466
563,1,44,0,3,1,0,2,1,36,5,2,3,25276.0,0,25276.0,849,2282,38,583,0.0
564,1,38,1,1,2,0,0,0,33,6,2,3,3119.0,2517,602.0,722,2492,50,515,807
565,0,51,0,2,3,1,3,0,35,4,2,2,6205.0,2264,3941.0,773,4605,88,725,365
566,0,47,0,1,3,1,1,0,42,3,2,1,1626.0,0,1626.0,783,4847,78,1.053,0.0
567,1,57,1,2,0,0,0,0,51,3,5,2,1614.0,0,1614.0,241,1690,38,357,0.0
568,0,42,0,3,0,1,2,0,25,6,2,3,13546.0,1720,11826.0,538,3943,73,698,127
569,0,39,1,1,3,0,0,0,29,4,1,3,1568.0,995,573.0,908,4531,76,0.81,635
570,1,41,0,3,5,0,4,0,26,3,2,2,9220.0,0,9220.0,733,2276,32,0.6,0.0
571,0,43,1,4,0,1,1,0,31,4,1,3,1773.0,882,891.0,0.68,5400,84,615,497
572,0,46,0,3,3,2,1,0,27,5,2,3,10931.0,2297,8634.0,639,4802,73,872,0.21
573,0,51,0,0,2,1,4,1,35,5,1,2,34516.0,2332,32184.0,0.8,4587,82,745,68
574,1,49,1,3,1,1,0,0,36,4,2,2,1763.0,0,1763.0,896,2813,43,536,0.0
575,1,42,0,3,3,1,1,0,23,5,3,2,5791.0,2517,3274.0,0.69,2516,64,641,435
576,0,39,0,3,0,0,3,0,36,4,2,1,12618.0,1585,11033.0,586,4768,82,864,126
577,1,57,0,2,0,1,2,0,41,3,3,2,2527.0,1030,1497.0,714,2767,43,387,408
578,0,43,1,2,1,1,1,0,34,3,1,3,2032.0,1008,1024.0,879,4736,86,0.83,496
579,0,50,1,1,3,1,0,0,36,4,2,3,1438.3,0,1438.3,851,4765,71,1.088,0.0
580,0,53,1,2,2,0,0,0,46,3,5,2,2153.0,0,2153.0,766,4628,69,971,0.0
581,0,49,1,1,4,2,1,0,44,6,5,2,2597.0,1871,726.0,899,3637,69,725,0.72
582,0,47,1,3,1,1,0,0,36,5,3,3,2822.0,0,2822.0,681,5064,74,0.85,0.0
583,0,51,1,3,0,0,0,0,36,5,3,3,3747.0,2268,1479.0,709,4609,87,0.74,605
584,0,50,1,2,2,1,1,0,36,5,4,1,2428.0,2005,423.0,835,5170,68,659,826
585,0,56,1,3,3,1,0,0,41,5,4,1,1438.3,0,1438.3,796,3778,72,1.118,0.0
586,0,56,0,2,3,1,1,0,49,3,5,3,3059.0,2387,672.0,808,4774,81,761,0.78
587,0,51,1,2,3,0,0,0,46,3,3,3,2429.0,1250,1179.0,983,4761,99,707,515
588,0,43,1,4,3,1,0,0,32,6,3,1,2624.0,1117,1507.0,826,3929,67,595,426
589,0,37,1,1,2,0,1,0,32,4,2,3,1976.0,0,1976.0,812,4424,73,659,0.0
590,0,51,0,2,3,1,3,0,34,5,4,1,13587.0,2374,11213.0,789,4995,88,692,175
591,0,40,0,4,0,0,3,0,36,4,3,2,32431.0,850,31581.0,926,4400,71,1.088,26
592,0,50,1,3,3,0,0,0,36,6,5,2,7596.0,1156,6440.0,611,4338,73,738,152
593,0,42,1,3,3,0,0,0,28,6,2,1,1438.3,0,1438.3,0.46,4482,74,644,0.0
594,0,58,1,1,0,0,0,0,43,4,4,2,3382.0,1446,1936.0,705,4854,74,682,428
595,0,40,1,4,1,1,0,0,33,4,5,3,1762.0,1224,538.0,815,4899,87,812,695
596,0,52,0,3,2,1,2,0,42,5,3,1,4565.0,1258,3307.0,764,4139,67,914,276
597,0,53,0,4,3,0,1,0,36,4,5,3,2300.0,0,2300.0,655,4527,79,756,0.0
598,0,62,0,2,3,0,0,0,48,6,3,2,5844.0,2013,3831.0,478,3546,65,548,344
599,1,55,1,1,2,0,0,0,48,3,5,3,2114.0,546,1568.0,619,2578,42,0.75,258
600,0,41,0,3,3,2,2,0,27,5,2,2,5784.0,0,5784.0,851,4173,80,0.86,0.0
601,0,64,0,0,3,0,0,0,36,5,4,1,1873.0,468,1405.0,1.154,4738,82,608,0.25
602,0,46,0,2,3,2,2,0,39,3,1,1,3299.0,870,2429.0,0.63,4904,75,829,264
603,1,49,1,3,4,0,0,0,35,5,1,2,2214.0,915,1299.0,533,2144,51,545,413
604,0,51,1,1,1,1,0,0,36,3,4,2,1857.0,1033,824.0,0.95,5149,90,636,556
605,0,40,0,4,3,1,2,0,35,5,4,1,9974.0,2185,7789.0,852,4680,87,673,219
606,0,39,1,2,1,0,0,0,36,4,3,3,1438.3,855,583.3,662,4890,53,893,594
607,0,38,1,2,3,1,0,0,31,6,3,3,3222.0,0,3222.0,786,5154,80,778,0.0
608,1,44,1,4,1,0,1,0,39,4,3,3,10587.0,2517,8070.0,1.052,2971,54,742,238
609,1,46,1,1,1,1,0,0,42,5,4,1,1438.3,0,1438.3,637,1843,44,0.63,0.0
610,0,39,1,3,5,1,0,0,33,6,4,2,2001.0,1430,571.0,555,4509,69,683,715
611,0,38,1,2,1,0,0,0,20,4,3,3,2420.0,676,1744.0,782,3770,76,0.81,279
612,0,36,1,4,2,1,0,0,36,6,4,1,2466.0,1750,716.0,774,5005,76,767,0.71
613,0,51,1,3,2,2,1,0,31,6,2,2,2768.0,1329,1439.0,699,4275,78,814,0.48
614,0,46,1,3,2,1,0,0,39,3,2,3,1438.3,0,1438.3,786,4370,79,795,0.0
615,1,44,1,0,2,1,0,0,40,5,4,2,7499.0,1083,6416.0,716,2478,45,667,144
616,0,60,0,2,3,0,2,0,48,3,4,1,10886.0,1145,9741.0,749,3488,66,535,105
617,0,46,0,2,3,1,1,0,39,4,3,1,1610.0,0,1610.0,689,4958,87,776,0.0
618,0,47,1,3,3,2,0,0,42,3,4,0,1438.3,0,1438.3,635,4735,87,673,0.0
619,0,51,0,0,5,0,2,0,36,6,2,3,3232.0,1346,1886.0,697,5102,69,643,416
620,0,47,0,1,2,1,2,1,42,6,4,2,27437.0,0,27437.0,872,4660,79,681,0.0
621,0,47,1,4,1,0,1,0,36,3,1,1,1596.0,0,1596.0,788,5678,81,0.8,0.0
622,0,55,0,2,3,0,3,0,46,5,5,2,4994.0,0,4994.0,717,4802,81,761,0.0
623,0,43,1,3,0,0,0,0,38,6,1,2,1521.0,0,1521.0,791,4880,79,549,0.0
624,0,49,1,2,4,1,0,0,44,4,4,2,1644.0,0,1644.0,1.033,4898,82,783,0.0
625,0,42,1,3,3,0,1,0,33,6,2,3,3376.0,1661,1715.0,618,4629,75,923,492
626,0,45,1,4,1,0,1,0,29,3,2,1,4595.0,1781,2814.0,708,3746,68,545,388
627,0,51,1,4,0,2,0,0,40,5,4,3,1562.0,1057,505.0,807,5019,78,696,677
628,0,50,0,2,2,1,4,0,36,3,2,3,3390.0,2385,1005.0,656,4128,73,698,704
629,0,44,1,1,3,0,1,0,36,3,4,2,1484.0,885,599.0,951,4819,74,805,596
630,1,42,1,3,1,1,1,0,34,6,3,1,1585.0,1381,204.0,706,2360,40,379,871
631,0,46,1,5,3,2,0,0,40,3,3,3,1592.0,925,667.0,804,4615,90,667,581
632,0,58,0,2,1,0,3,0,54,6,3,2,22981.0,1696,21285.0,466,4192,66,571,74
633,0,38,1,1,3,0,1,0,36,4,2,2,2358.0,1965,393.0,614,4922,80,0.6,833
634,0,47,0,3,5,2,1,0,36,4,2,3,4786.0,1516,3270.0,0.94,4973,74,0.85,317
635,0,52,1,1,3,1,0,0,47,3,1,3,1438.3,0,1438.3,775,5015,68,789,0.0
636,1,37,1,3,1,0,0,0,29,3,3,3,1653.0,0,1653.0,517,2284,35,296,0.0
637,0,50,1,2,0,1,0,0,45,4,1,0,5452.0,540,4912.0,539,4220,66,737,99
638,1,43,1,4,0,2,0,0,33,6,3,1,1706.0,0,1706.0,601,2371,45,0.5,0.0
639,0,52,1,2,0,0,0,0,37,4,3,1,2164.0,0,2164.0,688,5282,80,818,0.0
640,1,56,1,2,0,0,0,0,36,1,3,5,1883.0,400,1483.0,528,1954,45,0.5,212
641,0,45,1,3,0,2,0,0,36,5,1,0,2697.0,2216,481.0,681,4063,75,786,822
642,0,42,1,4,2,1,0,0,27,6,2,1,2043.0,0,2043.0,1.019,5198,77,711,0.0
643,1,47,0,3,0,1,1,0,29,1,2,4,1684.0,644,1040.0,723,2164,36,714,382
644,0,47,0,2,2,1,1,0,43,3,4,1,7106.0,736,6370.0,687,5192,75,562,104
645,1,42,0,5,1,1,2,0,36,1,2,3,1866.0,0,1866.0,798,2833,42,355,0.0
646,0,48,0,4,3,0,1,0,36,5,2,3,7514.0,0,7514.0,514,4789,69,408,0.0
647,0,53,1,1,3,2,0,0,46,5,4,3,3424.0,1333,2091.0,667,4485,61,694,389
648,0,50,1,3,1,1,0,0,32,6,2,3,2590.0,2087,503.0,0.7,4248,73,0.78,806
649,1,43,1,3,1,2,0,0,24,4,2,2,1662.0,613,1049.0,868,2326,31,0.55,369
650,1,42,1,3,3,0,0,0,27,6,2,2,2053.0,0,2053.0,866,3053,50,562,0.0
651,1,39,1,1,0,1,1,0,27,3,3,3,2821.0,725,2096.0,704,2397,35,296,257
652,1,41,1,3,0,1,1,0,36,1,3,4,3606.0,0,3606.0,0.37,1829,41,519,0.0
653,0,44,1,3,1,0,0,0,33,3,3,3,5362.0,1984,3378.0,664,3851,87,642,0.37
654,0,50,1,3,3,1,0,0,40,3,2,2,2925.0,2065,860.0,692,3913,47,1.474,706
655,0,44,1,3,3,2,1,0,38,3,2,2,4269.0,1852,2417.0,682,4178,75,0.63,434
656,0,42,1,3,3,1,0,0,37,4,2,1,2730.0,1303,1427.0,1.308,4750,76,0.9,477
657,0,41,1,2,3,1,1,0,36,6,2,3,2329.0,1271,1058.0,729,4382,70,667,546
658,0,50,1,2,2,1,1,0,37,6,2,1,3600.0,1904,1696.0,0.72,4946,75,531,529
659,0,44,1,4,3,2,0,0,30,4,3,2,1791.0,1314,477.0,725,5109,79,756,734
660,1,43,0,2,2,0,3,0,34,2,4,3,4617.0,1035,3582.0,0.36,1779,35,591,224
661,1,56,1,3,2,0,0,0,46,1,3,3,2272.0,1350,922.0,762,2354,49,0.96,594
662,0,50,0,3,3,0,2,0,38,4,1,1,10762.0,703,10059.0,548,4509,71,543,65
663,1,39,1,4,2,0,1,0,36,3,2,3,1776.0,0,1776.0,518,2201,31,292,0.0
664,0,45,1,2,4,1,0,0,38,3,2,3,2911.0,1471,1440.0,871,4450,62,771,505
665,0,34,1,4,1,1,1,0,28,6,1,0,2432.0,851,1581.0,873,4760,69,917,0.35
666,0,52,1,1,5,1,0,0,39,3,1,1,1663.0,0,1663.0,707,4875,86,654,0.0
667,0,47,0,3,0,2,3,0,34,5,1,3,1626.0,1013,613.0,826,5262,83,729,623
668,0,42,0,2,3,1,2,0,35,6,1,2,2131.0,1288,843.0,797,4264,81,841,604
669,0,40,0,3,1,1,3,0,36,6,3,1,9599.0,2356,7243.0,791,4754,84,0.68,245
670,0,36,0,4,3,1,3,0,36,5,3,1,2262.0,1450,812.0,735,4116,84,787,641
671,0,45,1,3,1,1,0,0,34,6,1,3,2647.0,1288,1359.0,765,4730,78,857,487
672,0,55,1,3,1,1,0,0,44,5,1,1,1438.3,0,1438.3,575,4755,76,0.9,0.0
673,1,44,1,3,1,0,0,0,36,2,3,3,2228.0,0,2228.0,686,2523,45,607,0.0
674,0,40,1,5,1,1,0,0,31,4,2,2,2813.0,2208,605.0,877,4491,68,744,785
675,0,53,1,1,0,0,0,0,39,3,2,3,1982.0,1276,706.0,897,5136,76,949,644
676,0,57,1,0,3,1,0,0,45,6,1,2,2448.0,0,2448.0,606,5464,98,607,0.0
677,0,56,1,0,4,1,0,0,51,4,2,3,3617.0,878,2739.0,777,5416,76,0.9,243
678,0,59,1,0,3,1,0,0,48,2,2,1,2120.0,1411,709.0,665,3882,92,643,666
679,0,45,1,5,3,1,0,0,39,5,3,2,2867.0,1209,1658.0,727,5311,81,976,422
680,1,54,1,1,3,0,0,0,34,5,2,2,2939.0,2152,787.0,555,2476,42,355,732
681,0,39,1,2,3,0,0,1,29,3,3,2,10024.0,913,9111.0,568,3906,78,592,91
682,1,43,0,4,1,1,4,0,30,3,2,3,17228.0,1331,15897.0,519,2229,44,375,77
683,0,46,1,2,2,0,0,0,36,3,2,2,1438.3,0,1438.3,757,5005,79,795,0.0
684,1,40,1,2,0,0,0,0,28,2,2,2,3021.0,0,3021.0,694,2814,37,321,0.0
685,1,47,1,4,3,0,0,0,39,3,3,6,1438.3,0,1438.3,854,2295,51,545,0.0
686,0,44,0,2,1,1,2,0,36,3,2,1,7317.0,959,6358.0,653,5082,86,686,131
687,0,57,1,2,5,1,1,0,41,2,3,3,3667.0,809,2858.0,778,5322,79,975,221
688,1,40,1,3,3,0,0,0,31,5,3,2,2391.0,0,2391.0,669,2857,40,0.6,0.0
689,0,49,1,4,3,1,0,0,43,2,2,2,3002.0,1446,1556.0,815,4851,74,947,482
690,0,47,1,5,0,1,0,0,36,1,6,1,2291.0,1419,872.0,725,4498,81,761,619
691,1,47,1,2,3,1,0,0,34,2,2,2,2234.0,2024,210.0,717,2313,37,321,906
692,1,40,1,3,5,1,0,0,21,5,2,2,1728.0,0,1728.0,0.41,2191,38,357,0.0
693,0,41,1,1,3,0,1,0,28,1,3,1,8482.0,585,7897.0,624,4245,74,897,69
694,0,38,0,3,3,0,1,0,20,1,3,3,10486.0,1544,8942.0,716,4042,77,925,147
695,0,41,0,4,2,1,3,0,22,1,2,3,5037.0,1670,3367.0,787,4379,67,811,332
696,0,51,1,2,1,2,0,0,36,2,1,1,1438.3,0,1438.3,765,4866,65,625,0.0
697,0,53,1,3,2,1,1,0,46,2,1,1,2304.0,1144,1160.0,772,4505,85,1.179,497
698,0,44,0,4,3,0,2,0,28,2,2,1,2758.0,461,2297.0,0.58,4244,96,778,167
699,0,40,0,5,1,0,4,0,31,1,1,3,34516.0,1427,33089.0,706,3699,64,488,41
700,0,41,1,3,3,2,1,0,28,1,1,3,9294.0,1764,7530.0,1.026,4531,73,738,0.19
701,0,52,0,1,0,0,4,0,41,1,1,3,12764.0,0,12764.0,0.71,3332,64,882,0.0
702,0,59,1,0,2,0,0,0,55,2,2,3,2645.0,1127,1518.0,623,4251,76,767,426
703,1,56,0,1,3,1,3,0,50,3,6,3,8688.0,0,8688.0,426,2361,41,464,0.0
704,0,53,0,3,3,0,3,1,39,1,2,3,34516.0,1198,33318.0,615,4826,70,667,35
705,1,49,1,3,0,0,1,0,38,1,2,3,2655.0,2283,372.0,751,2386,49,485,0.86
706,0,41,0,2,2,1,3,0,31,1,1,3,3306.0,706,2600.0,814,4772,76,0.9,214
707,0,52,1,3,0,0,0,0,42,2,3,3,2510.0,1928,582.0,1.043,4943,70,489,768
708,0,50,1,3,3,1,0,0,36,2,3,2,2999.0,1817,1182.0,678,5119,83,766,606
709,0,48,1,4,2,0,0,0,42,2,3,2,1438.3,0,1438.3,707,5045,82,745,0.0
710,1,59,1,1,3,0,0,0,51,1,4,4,4257.0,2517,1740.0,703,2828,50,1.083,591
711,0,50,1,4,1,0,0,0,42,2,1,2,1460.0,0,1460.0,682,4265,63,615,0.0
712,1,36,1,1,3,1,0,0,29,4,2,3,1493.0,0,1493.0,721,2516,63,575,0.0
713,1,50,1,4,1,1,0,0,36,5,3,5,2690.0,1614,1076.0,513,2272,57,541,0.6
714,0,43,1,2,3,0,0,0,36,1,2,2,3226.0,2145,1081.0,644,5066,75,786,665
715,0,42,1,2,1,0,0,0,23,2,2,3,3172.0,1160,2012.0,588,4163,83,804,366
716,0,53,0,4,3,1,4,0,40,1,1,3,6383.0,1512,4871.0,558,4985,87,776,237
717,0,43,0,3,1,1,2,0,35,2,3,2,3717.0,1882,1835.0,796,4667,91,0.82,506
718,0,41,1,4,1,1,0,0,29,2,2,2,2601.0,1861,740.0,794,5111,83,0.66,715
719,0,49,0,5,1,0,2,0,36,1,2,2,5578.0,0,5578.0,627,3459,53,0.71,0.0
720,0,41,0,3,3,1,4,0,32,2,3,1,27169.0,0,27169.0,781,3906,87,977,0.0
721,0,54,1,3,1,1,0,0,36,2,2,1,5642.0,541,5101.0,742,4633,84,0.68,96
722,0,37,1,2,2,0,1,0,32,2,1,3,3680.0,683,2997.0,0.85,4835,77,0.75,186
723,0,50,0,2,3,1,2,0,45,2,1,0,2021.0,1578,443.0,761,5298,71,919,781
724,0,51,1,1,3,1,1,0,43,2,2,2,2107.0,1663,444.0,712,4841,88,725,789
725,0,50,0,2,3,1,4,0,41,1,3,3,4607.0,0,4607.0,898,4793,88,0.63,0.0
726,0,47,1,3,0,2,1,0,36,2,3,3,1439.0,0,1439.0,638,5047,79,837,0.0
727,0,55,1,0,0,1,0,0,44,1,1,3,2596.0,1929,667.0,609,4726,87,812,743
728,1,45,0,4,5,1,2,0,37,1,2,2,13093.0,2517,10576.0,426,2032,39,444,192
729,0,50,1,3,1,1,1,0,40,1,3,3,3367.0,1747,1620.0,769,5657,91,517,519
730,0,58,1,3,3,0,0,0,53,1,3,1,2669.0,2048,621.0,725,4863,79,1.135,767
731,0,42,1,4,3,1,1,0,23,1,2,3,2647.0,1245,1402.0,712,4911,82,864,0.47
732,0,57,1,2,3,1,0,0,45,1,3,3,1860.0,0,1860.0,778,5109,62,722,0.0
733,0,43,1,4,3,0,0,0,34,2,3,2,2005.0,1263,742.0,657,4906,80,818,0.63
734,0,48,0,2,0,1,1,0,42,1,3,3,3202.0,2517,685.0,597,4675,88,692,786
735,0,43,1,4,3,0,1,0,23,2,1,1,1438.3,0,1438.3,728,4494,82,708,0.0
736,0,41,1,3,2,0,1,0,32,2,1,2,3104.0,1954,1150.0,473,4699,77,925,0.63
737,1,46,0,2,1,0,1,0,36,5,2,2,6362.0,0,6362.0,596,1968,51,759,0.0
738,0,39,0,2,3,0,2,0,19,1,2,1,6146.0,0,6146.0,577,3645,76,551,0.0
739,1,48,0,3,3,2,1,0,43,2,3,3,9104.0,145,8959.0,765,2563,34,417,16
740,0,39,1,1,3,0,0,0,21,1,2,1,2867.0,1365,1502.0,502,4445,89,745,476
741,1,29,1,0,2,1,0,0,19,2,1,2,3261.0,2517,744.0,636,2461,54,742,772
742,0,51,1,2,2,0,0,0,31,2,1,3,2306.0,1627,679.0,507,3776,70,944,706
743,0,53,0,3,3,0,4,2,43,3,1,3,34516.0,2435,32081.0,0.77,7758,98,719,71
744,0,40,1,2,1,0,1,0,35,2,1,2,2544.0,1713,831.0,696,8006,88,571,673
745,0,42,1,4,1,1,0,2,36,2,3,2,15987.0,1187,14800.0,597,7471,88,467,74
746,0,45,0,4,0,0,3,0,35,2,2,2,11318.0,2082,9236.0,733,7179,93,632,184
747,0,45,1,3,1,1,0,0,32,2,5,1,2948.0,968,1980.0,946,7834,86,509,328
748,1,49,0,1,3,1,1,0,40,6,1,4,14973.0,0,14973.0,895,4517,59,439,0.0
749,0,44,0,4,0,0,3,0,31,3,2,3,19719.0,1303,18416.0,0.91,8385,97,565,66
750,0,48,0,4,1,0,4,0,40,2,3,3,30210.0,1946,28264.0,904,7403,88,544,64
751,1,59,1,1,1,0,0,0,46,2,3,2,7484.0,1939,5545.0,994,4923,56,333,259
752,0,41,0,1,2,1,1,0,32,3,4,2,10682.0,1334,9348.0,702,7332,92,614,125
753,0,47,0,2,2,0,2,0,41,2,3,3,20811.0,1302,19509.0,793,7192,82,708,63
754,0,50,1,2,1,1,1,0,39,3,2,2,2275.0,2138,137.0,742,7768,83,729,0.94
755,0,47,0,2,0,0,3,0,36,3,2,2,34516.0,1264,33252.0,774,7827,77,0.54,37
756,0,51,0,2,0,2,3,0,40,1,2,3,23453.0,0,23453.0,727,7555,96,574,0.0
757,0,48,0,4,3,1,2,0,37,2,1,1,13197.0,0,13197.0,681,8424,84,787,0.0
758,0,46,1,3,1,0,0,0,36,2,2,3,6218.0,2517,3701.0,716,7689,84,0.68,405
759,0,53,1,2,1,0,0,0,49,1,2,3,9678.0,1710,7968.0,745,7682,90,579,177
760,0,52,0,4,3,1,3,0,45,2,2,3,23070.0,1701,21369.0,846,8070,81,688,74
761,0,46,1,3,0,1,0,0,35,6,5,1,2069.0,1101,968.0,741,7307,82,745,532
762,0,54,1,2,2,0,0,0,36,1,3,3,2274.0,708,1566.0,677,7735,74,682,311
763,0,51,0,1,3,1,4,0,39,2,3,2,34516.0,2452,32064.0,707,7111,82,608,71
764,0,44,0,1,3,1,3,2,29,2,1,3,34516.0,942,33574.0,0.75,7665,86,593,27
765,0,45,1,4,2,1,0,0,36,2,1,1,2737.0,0,2737.0,0.71,7587,80,569,0.0
766,0,57,0,1,1,0,3,0,45,1,6,1,15030.0,1395,13635.0,625,7603,81,588,93
767,0,51,0,1,4,1,4,1,31,2,5,2,34516.0,1991,32525.0,718,7520,79,681,58
768,0,45,0,3,3,2,2,1,31,2,1,3,34516.0,1509,33007.0,728,7167,91,625,44
769,0,42,0,3,3,0,4,0,36,1,2,3,31639.0,2446,29193.0,632,7119,86,564,77
770,0,44,0,1,0,1,4,0,33,2,2,3,34516.0,1058,33458.0,734,7412,84,585,31
771,0,41,0,4,4,1,3,0,36,1,2,2,21751.0,1573,20178.0,878,8332,102,569,72
772,0,48,0,4,3,1,3,0,36,1,2,3,27984.0,1793,26191.0,754,8147,81,588,64
773,0,49,0,4,3,0,4,1,36,2,2,2,34516.0,0,34516.0,622,7962,99,435,0.0
774,0,43,0,4,1,1,1,0,35,1,1,1,3442.0,2517,925.0,0.62,7801,74,644,731
775,0,50,1,2,5,0,0,0,40,2,1,1,3449.0,1634,1815.0,776,8300,94,469,474
776,0,49,1,4,3,2,0,0,37,2,6,1,1838.0,1155,683.0,742,7688,93,409,628
777,0,42,0,3,3,1,3,0,36,1,1,2,30117.0,2129,27988.0,769,7930,91,542,71
778,0,44,0,3,3,0,3,2,36,2,3,3,34516.0,2517,31999.0,703,7640,87,582,73
779,0,51,0,0,2,0,3,0,33,1,3,1,34516.0,1228,33288.0,747,7854,89,648,36
780,0,45,0,3,1,1,2,0,36,2,5,1,17072.0,1519,15553.0,831,8591,99,707,89
781,0,56,0,4,3,0,3,0,46,2,3,1,25736.0,1388,24348.0,743,7209,91,596,54
782,0,38,1,3,1,0,1,2,26,2,2,1,23981.0,0,23981.0,741,7872,103,635,0.0
783,0,42,0,3,0,1,1,0,37,2,3,3,4960.0,1724,3236.0,879,8218,88,913,348
784,0,49,0,1,3,1,4,0,29,2,3,2,7650.0,2045,5605.0,891,8609,109,758,267
785,0,45,0,4,5,0,4,2,36,1,3,1,34516.0,1411,33105.0,701,8007,96,778,41
786,0,51,0,4,3,1,2,1,33,1,3,3,25653.0,2059,23594.0,702,8305,103,746,0.08
787,0,58,0,1,0,0,3,0,54,1,3,1,5182.0,1459,3723.0,0.72,7960,112,697,282
788,0,44,0,4,1,0,2,0,36,1,1,3,2946.0,743,2203.0,827,8553,88,872,252
789,0,47,0,2,2,1,2,1,35,2,1,1,34516.0,1349,33167.0,674,8582,106,767,39
790,0,41,0,3,3,1,2,0,29,2,2,1,17277.0,2151,15126.0,701,8838,97,732,125
791,0,47,1,4,4,0,0,0,27,1,2,2,8837.0,2517,6320.0,618,8210,100,754,285
792,0,60,1,0,3,1,0,0,55,2,1,3,3773.0,0,3773.0,684,14264,118,873,0.0
793,1,41,0,2,3,0,4,0,37,5,3,4,27742.0,2517,25225.0,835,8646,85,977,91
794,0,58,0,2,5,1,4,0,48,2,3,1,12648.0,1604,11044.0,719,14465,125,712,127
795,1,48,1,4,3,0,0,3,37,5,3,4,15987.0,0,15987.0,827,7681,71,0.69,0.0
796,0,52,1,3,3,0,1,0,45,1,1,2,14803.0,985,13818.0,831,14426,87,642,67
797,1,43,0,4,0,2,3,0,36,2,3,2,19333.0,0,19333.0,969,7847,63,0.75,0.0
798,0,52,0,2,1,2,2,0,42,1,3,2,7261.0,1443,5818.0,972,14533,108,565,199
799,0,29,0,0,1,0,1,0,36,2,3,1,4023.0,1437,2586.0,0.69,12510,96,0.92,357
800,1,53,1,4,3,1,0,0,36,2,3,6,4005.0,0,4005.0,896,7022,75,667,0.0
801,1,60,0,0,2,1,3,0,50,1,4,2,29239.0,0,29239.0,1.057,8169,65,585,0.0
802,0,51,1,2,3,0,1,0,36,1,1,1,3785.0,1329,2456.0,864,15209,104,891,351
803,0,44,0,4,3,0,2,0,39,2,2,3,9682.0,1727,7955.0,0.88,14991,95,0.9,178
804,1,61,0,0,2,0,3,0,50,2,4,3,21398.0,0,21398.0,695,3119,53,767,0.0
805,0,51,0,4,2,0,4,2,33,2,2,2,34516.0,1848,32668.0,775,14149,103,689,54
806,0,52,0,2,1,1,3,0,36,2,3,1,18046.0,0,18046.0,819,13758,104,677,0.0
807,0,38,1,2,0,1,0,0,36,2,3,2,7825.0,0,7825.0,724,14326,100,786,0.0
808,0,53,1,2,3,1,0,1,45,1,2,1,12100.0,1350,10750.0,854,13138,115,667,112
809,0,54,0,2,4,1,2,3,42,1,3,1,34516.0,1996,32520.0,988,15033,114,0.81,58
810,0,44,0,2,1,1,4,0,31,2,1,3,6176.0,905,5271.0,805,15102,95,792,147
811,0,31,0,0,3,1,3,0,36,2,3,3,32791.0,1607,31184.0,752,13177,106,738,49
812,0,38,0,3,1,0,4,0,27,2,4,1,34516.0,0,34516.0,919,13781,106,797,0.0
813,1,53,1,1,3,0,0,0,44,1,3,2,5541.0,2517,3024.0,879,9195,73,825,454
814,0,45,0,4,3,1,0,0,36,1,2,3,7231.0,1047,6184.0,947,15571,115,797,145
815,0,48,1,3,3,0,1,0,42,1,2,3,9215.0,639,8576.0,646,13345,114,754,69
816,0,46,1,3,1,0,0,0,36,1,2,2,3759.0,0,3759.0,722,15331,106,767,0.0
817,0,47,0,3,0,0,2,0,35,2,3,1,14131.0,1333,12798.0,767,12779,103,689,94
818,0,38,1,2,0,1,0,0,28,1,1,2,3629.0,1891,1738.0,917,15982,113,687,521
819,0,48,0,3,0,1,2,0,36,1,1,2,15524.0,1148,14376.0,829,13819,106,0.71,74
820,0,45,1,3,3,1,0,0,40,2,1,3,4010.0,2517,1493.0,0.71,14354,101,629,628
821,0,42,0,5,1,1,2,0,36,2,4,3,3275.0,1525,1750.0,749,14830,112,697,466
822,0,35,0,2,4,0,2,0,24,2,3,1,3388.0,1659,1729.0,842,13557,100,724,0.49
823,0,44,1,4,0,0,1,0,34,1,3,3,3657.0,0,3657.0,785,14802,95,667,0.0
824,0,41,0,3,1,1,3,0,33,2,1,1,13818.0,609,13209.0,787,13209,101,656,44
825,0,55,0,1,1,0,3,0,42,1,4,2,34516.0,1583,32933.0,824,12192,112,672,46
826,0,34,0,2,3,0,0,0,23,1,3,2,8940.0,1518,7422.0,726,14459,97,702,0.17
827,1,40,0,4,0,0,3,0,36,6,3,2,34516.0,572,33944.0,01.05,8659,81,1.077,17
828,0,48,0,1,0,1,2,0,39,2,3,1,8624.0,1709,6915.0,967,15738,111,0.82,198
829,1,50,1,4,3,0,0,0,37,1,2,3,3699.0,913,2786.0,866,7297,71,0.69,247
830,0,33,1,2,3,1,0,0,24,1,3,2,3731.0,0,3731.0,767,13234,92,0.84,0.0
831,0,28,1,1,4,0,0,0,14,2,3,3,3848.0,0,3848.0,841,14054,105,694,0.0
832,0,46,0,4,0,1,3,0,33,1,2,1,13490.0,1567,11923.0,795,13159,105,0.75,116
833,0,38,1,1,2,0,0,0,28,2,2,2,4623.0,1366,3257.0,776,14730,118,735,295
834,1,40,0,2,0,1,3,0,30,6,2,3,20798.0,1059,19739.0,1.049,8038,90,837,51
835,1,48,1,3,4,2,0,0,36,5,3,1,9943.0,2138,7805.0,949,8325,54,1.0,215
836,0,45,1,3,3,1,0,1,39,1,2,3,10186.0,1608,8578.0,712,14023,106,767,158
837,1,57,0,2,4,0,3,1,43,2,3,3,34516.0,1847,32669.0,557,7842,61,794,54
838,1,49,0,3,0,1,4,0,38,2,3,3,8549.0,0,8549.0,1.023,9192,77,791,0.0
839,0,58,0,1,3,1,2,0,48,2,3,2,20724.0,2221,18503.0,769,14215,109,703,107
840,0,42,0,2,3,1,3,1,31,2,1,3,34516.0,1356,33160.0,0.71,12878,104,825,39
841,0,52,1,2,2,2,1,2,43,2,2,3,23981.0,2114,21867.0,721,15281,100,724,88
842,0,30,0,2,2,0,2,0,36,1,3,3,4192.0,1734,2458.0,753,13345,106,893,414
843,0,36,0,2,3,1,0,0,23,2,2,3,3920.0,0,3920.0,813,16500,102,729,0.0
844,0,47,1,2,1,1,1,0,40,2,1,3,4074.0,1868,2206.0,688,15005,118,761,459
845,0,60,0,0,0,1,1,0,54,3,3,3,13035.0,1285,11750.0,761,14585,97,0.98,99
846,0,42,0,2,3,0,2,1,36,3,3,2,34516.0,0,34516.0,774,12920,132,737,0.0
847,0,49,0,2,0,1,3,0,39,2,3,1,15894.0,1293,14601.0,693,14256,118,735,81
848,0,39,0,1,1,0,3,0,29,3,1,2,9680.0,2101,7579.0,626,15152,100,695,217
849,0,50,0,4,1,1,4,0,41,2,2,2,34516.0,2353,32163.0,667,15214,129,675,68
850,0,50,0,2,2,1,2,0,36,2,2,1,12299.0,1664,10635.0,879,15060,90,915,135
851,1,60,0,1,1,0,0,0,50,4,4,5,4613.0,0,4613.0,978,8970,78,1.294,0.0
852,0,51,0,1,0,1,2,0,38,3,3,1,13731.0,1375,12356.0,878,14826,99,707,0.1
853,0,44,0,3,2,1,2,2,34,3,1,3,34516.0,1543,32973.0,774,13967,101,712,45
854,0,41,1,1,1,2,0,0,36,2,3,1,7106.0,2031,5075.0,746,16377,124,746,286
855,0,43,0,5,4,0,2,0,31,3,3,1,17230.0,1805,15425.0,788,14781,130,857,105
856,0,49,0,4,4,0,3,0,42,3,2,1,30885.0,2018,28867.0,904,17350,115,0.62,65
857,1,50,0,3,2,0,3,1,36,3,3,2,34516.0,2517,31999.0,735,7155,66,0.65,73
858,1,41,0,3,5,0,3,0,29,2,2,3,24001.0,1629,22372.0,965,9102,75,974,68
859,0,31,0,0,3,0,1,0,36,2,3,3,4661.0,1835,2826.0,999,14257,110,964,394
860,0,38,0,3,0,1,3,0,29,2,2,2,16722.0,0,16722.0,719,15110,113,823,0.0
861,1,49,1,1,3,1,0,1,36,2,3,3,11059.0,0,11059.0,0.99,9524,80,905,0.0
862,1,54,0,5,1,1,3,0,48,2,1,3,7464.0,0,7464.0,865,9071,74,1.0,0.0
863,0,47,1,4,1,1,0,0,36,1,3,1,3216.0,1480,1736.0,733,14178,123,809,0.46
864,0,48,0,1,2,1,2,0,44,2,3,1,15355.0,1823,13532.0,809,15053,111,1.018,119
865,1,37,0,3,3,0,3,0,17,1,1,2,4116.0,1473,2643.0,1.023,8667,70,892,358
866,1,54,1,2,4,0,0,0,43,2,3,2,4917.0,0,4917.0,972,9442,69,917,0.0
867,0,48,1,4,5,2,0,1,38,2,1,2,10610.0,0,10610.0,664,15050,108,742,0.0
868,0,38,0,0,1,1,2,0,31,4,3,3,16565.0,1200,15365.0,0.68,16736,99,0.8,72
869,1,30,0,0,3,1,1,0,23,6,2,4,4063.0,0,4063.0,776,7463,70,707,0.0
870,1,29,0,1,1,0,2,0,17,6,1,3,17744.0,829,16915.0,851,9658,78,773,47
871,0,58,0,4,3,1,4,1,45,4,2,3,34516.0,0,34516.0,849,15560,100,724,0.0
872,0,61,0,2,0,1,2,0,48,4,1,2,18571.0,0,18571.0,594,15802,118,686,0.0
873,1,51,1,4,4,1,1,1,43,1,3,3,3735.0,0,3735.0,762,6826,61,848,0.0
874,0,47,0,2,1,1,2,0,32,3,5,2,3842.0,1563,2279.0,781,14751,107,726,407
875,0,44,1,1,1,0,0,0,36,3,3,3,6159.0,1640,4519.0,619,13517,106,656,266
876,0,52,0,3,4,2,2,0,33,5,3,2,3388.0,2517,871.0,919,15313,91,784,743
877,0,49,0,2,1,0,3,1,40,4,3,2,34516.0,1313,33203.0,583,15154,99,833,38
878,0,57,1,1,3,1,0,0,46,4,3,2,3638.0,0,3638.0,837,16469,115,667,0.0
879,0,39,0,4,4,0,3,0,32,5,3,2,26710.0,1681,25029.0,741,14043,117,746,63
880,0,32,1,1,3,1,0,0,36,4,3,3,9550.0,2517,7033.0,713,13783,116,841,264
881,0,54,0,2,2,1,3,1,39,4,1,4,34516.0,2305,32211.0,586,13756,106,0.71,67
882,0,59,0,1,5,0,3,0,49,4,2,2,22715.0,707,22008.0,848,15004,117,887,31
883,0,45,1,5,5,1,0,2,39,6,3,2,15987.0,1096,14891.0,625,14209,103,776,69
884,1,46,1,3,5,0,0,2,36,1,3,5,15164.0,532,14632.0,858,8356,68,478,35
885,0,50,0,3,1,0,3,1,41,2,2,1,34516.0,0,34516.0,627,15059,118,735,0.0
886,0,56,0,0,3,0,2,0,44,1,3,2,6828.0,1859,4969.0,752,14713,104,677,272
887,0,43,0,3,5,1,3,0,27,4,2,2,3676.0,673,3003.0,629,14651,105,0.78,183
888,0,43,0,3,3,2,2,0,28,3,3,4,5479.0,1183,4296.0,596,14728,126,909,216
889,0,42,1,1,3,0,0,0,34,5,1,3,3534.0,1175,2359.0,737,13588,94,808,332
890,0,56,0,3,3,0,4,0,44,3,1,2,34516.0,1307,33209.0,558,13759,120,765,38
891,1,31,0,1,4,0,1,0,24,4,2,4,4169.0,534,3635.0,836,8565,70,795,128
892,0,44,1,3,0,1,0,1,36,3,3,2,12944.0,1200,11744.0,839,16161,105,944,93
893,0,42,1,4,1,0,0,0,30,3,1,3,6172.0,1212,4960.0,723,16622,99,0.65,196
894,0,45,0,4,3,0,1,0,35,3,2,2,7935.0,888,7047.0,779,15380,122,694,112
895,0,52,0,1,1,0,3,0,41,4,1,4,4103.0,1972,2131.0,665,16344,118,788,481
896,0,58,1,0,3,0,0,0,48,2,2,5,4299.0,1334,2965.0,0.66,15068,123,685,0.31
897,0,49,0,1,3,0,2,0,40,6,3,3,6481.0,1569,4912.0,692,15937,119,803,242
898,0,57,0,2,3,1,3,0,40,6,3,4,17925.0,1909,16016.0,712,17498,111,0.82,106
899,0,56,1,1,3,0,0,0,50,4,1,4,3688.0,606,3082.0,0.57,14596,120,791,164